id,name,start_x,end_x,start_y,end_y,monster_amount,drop_rate,unique_rate,underwater,makable,teleportable,escapable,resurrection,painwand,penalty,take_pets,recall_pets,usable_item,usable_skill
0,話せる島,32256,32767,32768,33279,1,1,1,0,1,1,1,1,1,1,1,1,1,1
1,話せる島ダンジョン1F,32576,32831,32704,32959,1,1,1,0,0,1,1,1,1,1,1,1,1,1
2,話せる島ダンジョン2F,32576,32895,32704,32959,1,1,1,0,0,0,1,1,1,1,1,1,1,1
3,グンターの家,32576,32831,32704,32959,1,1,1,0,0,1,1,1,1,1,1,1,1,1
4,オーク村,32448,34303,32064,33599,1,1,1,0,1,1,1,1,1,1,1,1,1,1
5,TI=>グルーディオ行きの船,32704,32767,32768,32831,1,1,1,0,0,0,1,1,0,1,1,1,1,1
6,グルーディオ=>話せる島行きの船,32704,32831,32768,32831,1,1,1,0,0,0,1,1,0,1,1,1,1,1
7,メインランドダンジョン1F,32640,32895,32640,32895,1,1,1,0,0,1,1,1,1,1,1,1,1,1
8,メインランドダンジョン2F,32640,32895,32640,32895,1,1,1,0,0,1,1,1,1,1,1,1,1,1
9,メインランドダンジョン3F,32640,32895,32640,32895,1,1,1,0,0,1,1,1,1,1,1,1,1,1
10,メインランドダンジョン4F,32640,32831,32640,32895,1,1,1,0,0,1,1,1,1,1,1,1,1,1
11,メインランドダンジョン5F,32640,32895,32640,32895,1,1,1,0,0,1,1,1,1,1,1,1,1,1
12,メインランドダンジョン6F,32640,32895,32640,32895,1,1,1,0,0,1,1,1,1,1,1,1,1,1
13,メインランドダンジョン7F,32640,32895,32640,32895,1,1,1,0,0,1,1,1,1,1,1,1,1,1
14,デビルロード,32512,33023,32704,32895,1,1,1,0,0,1,1,1,1,1,1,1,1,1
15,ケント城内,32704,32767,32768,32831,1,1,1,0,0,1,1,1,1,1,1,1,1,1
16,Hardin\'s lab ,32704,32831,32704,32895,1,1,1,0,0,1,1,1,1,1,1,1,1,1
17,ネルファの洞窟,32704,32767,32768,32831,1,1,1,0,0,1,1,1,1,1,1,1,1,1
18,Dupelgenon Dungeon ,32704,32767,32768,32831,1,1,1,0,0,1,1,1,1,1,1,1,1,1
19,エルヴンダンジョン1F,32704,32895,32640,32895,1,1,1,0,0,1,1,1,1,1,1,1,1,1
20,エルヴンダンジョン2F,32704,32831,32704,32831,1,1,1,0,0,1,1,1,1,1,1,1,1,1
21,エルヴンダンジョン3F,32640,32831,32704,32895,1,1,1,0,0,0,1,1,1,1,1,1,1,1
22,Gerard Test Dungeon,32640,32895,32640,32895,1,1,1,0,0,1,1,1,1,1,1,1,1,1
23,ウィンダウッド城ダンジョン1F,32640,32895,32640,32895,1,1,1,0,0,1,1,1,1,1,1,1,1,1
24,ウィンダウッド城ダンジョン2F,32640,32895,32640,32895,1,1,1,0,0,1,1,1,1,1,1,1,1,1
25,シルバーナイトタウン洞窟1F,32704,32895,32704,32831,1,1,1,0,0,1,1,1,1,1,1,1,1,1
26,シルバーナイトタウン洞窟2F,32704,32895,32640,32895,1,1,1,0,0,1,1,1,1,1,1,1,1,1
27,シルバーナイトタウン洞窟3F,32640,32895,32704,32895,1,1,1,0,0,1,1,1,1,1,1,1,1,1
28,シルバーナイトタウン洞窟4F,32640,32895,32704,32895,1,1,1,0,0,1,1,1,1,1,1,1,1,1
29,ウィンダウッド城内,32704,32767,32768,32831,1,1,1,0,0,1,1,1,1,1,1,1,1,1
30,ドラゴンバレー洞窟1F,32640,32895,32640,32895,1,1,1,0,0,1,1,1,1,1,1,1,1,1
31,ドラゴンバレー洞窟2F,32640,32895,32640,32895,1,1,1,0,0,1,1,1,1,1,1,1,1,1
32,ドラゴンバレー洞窟3F,32576,32831,32704,32959,1,1,1,0,0,1,1,1,1,1,1,1,1,1
33,ドラゴンバレー洞窟4F,32576,32831,32704,32959,1,1,1,0,0,1,1,1,1,1,1,1,1,1
34,Hall of Honor,32640,32831,32704,32895,1,1,1,0,0,1,0,1,1,1,1,1,1,1
35,ドラゴンバレー洞窟5F,32576,32831,32704,32959,1,1,1,0,0,1,1,1,1,1,1,1,1,1
36,ドラゴンバレー洞窟6F,32576,32831,32704,32959,1,1,1,0,0,1,1,1,1,1,1,1,1,1
37,ドラゴンバレー洞窟7F:アンタラスの棲処,32576,32831,32704,32959,1,1,1,0,0,0,0,1,1,1,1,1,1,1
38,Hall of Honor,32640,32831,32704,32895,1,1,1,0,0,0,0,1,0,1,1,1,1,1
39,Hall of Honor,32640,32831,32704,32895,1,1,1,0,0,0,0,1,0,1,1,1,1,1
40,Hall of Honor,32640,32831,32704,32895,1,1,1,0,0,0,0,1,0,1,1,1,1,1
41,Hall of Honor,32640,32831,32704,32895,1,1,1,0,0,0,0,1,0,1,1,1,1,1
42,\N,32512,32831,32704,33023,1,1,1,0,0,0,0,1,0,1,0,0,1,1
43,蟻洞窟,32704,32831,32704,32831,1,1,1,0,0,1,1,1,1,1,1,1,1,1
44,蟻洞窟,32704,32831,32704,32831,1,1,1,0,0,1,1,1,1,1,1,1,1,1
45,蟻洞窟,32704,32831,32704,32831,1,1,1,0,0,1,1,1,1,1,1,1,1,1
46,蟻洞窟,32704,32831,32704,32831,1,1,1,0,0,1,1,1,1,1,1,1,1,1
47,蟻洞窟,32704,32831,32704,32831,1,1,1,0,0,1,1,1,1,1,1,1,1,1
48,蟻洞窟,32704,32831,32704,32831,1,1,1,0,0,1,1,1,1,1,1,1,1,1
49,蟻洞窟,32704,32831,32704,32831,1,1,1,0,0,1,1,1,1,1,1,1,1,1
50,蟻洞窟,32704,32831,32704,32831,1,1,1,0,0,1,1,1,1,1,1,1,1,1
51,蟻洞窟,32640,32831,32704,32895,1,1,1,0,0,1,1,1,1,1,1,1,1,1
52,ギラン城内,32640,32767,32768,32895,1,1,1,0,0,1,1,1,1,1,1,1,1,1
53,ギラン監獄1F,32640,32895,32640,32895,1,1,1,0,0,1,1,1,1,1,1,1,1,1
54,ギラン監獄2F,32640,32895,32640,32895,1,1,1,0,0,1,1,1,1,1,1,1,1,1
55,ギラン監獄3F,32640,32831,32704,32959,1,1,1,0,0,1,1,1,1,1,1,1,1,1
56,ギラン監獄4F,32640,32895,32640,32895,1,1,1,0,0,1,1,1,1,1,1,1,1,1
57,Ice Country1,32576,33023,32512,32959,1,1,1,0,0,1,1,1,0,1,0,0,1,1
58,Fire Country1,32512,32831,32704,33023,1,1,1,0,0,1,1,1,0,1,0,0,1,1
59,ハイネダンジョン1F,32640,32831,32768,32895,1,1,1,0,0,1,1,1,1,1,1,1,1,1
60,ハイネダンジョン2F,32640,32767,32768,32959,1,1,1,0,0,1,1,1,1,1,1,1,1,1
61,ハイネダンジョン3F,32640,32767,32768,32895,1,1,1,0,0,1,1,1,1,1,1,1,1,1
62,エヴァの神殿,32640,32767,32768,32895,1,1,1,0,0,1,1,1,1,1,1,1,1,1
63,エヴァの王国,32576,32895,32640,32959,1,1,1,1,0,1,1,1,1,1,0,0,1,1
64,ハイネ城内,32512,32639,32768,32895,1,1,1,0,0,1,1,1,1,1,1,1,1,1
65,パプリオンの棲処,32704,32831,32768,32895,1,1,1,1,0,0,0,1,1,1,0,0,1,1
66,ドワーフ城内,32704,32895,32768,32959,1,1,1,0,0,0,1,1,1,1,1,1,1,1
67,ヴァラカスの棲処,32640,32831,32704,32895,1,1,1,0,0,0,0,1,1,1,1,1,1,1
68,歌う島,32576,33023,32512,32959,1,1,1,0,0,1,1,1,1,1,1,1,1,1
69,隠された渓谷,32512,32831,32704,33023,1,1,1,0,0,1,1,1,1,1,1,1,1,1
70,忘れられた島,32576,33023,32640,33087,1,1,1,0,0,0,0,1,1,1,1,1,1,1
72,クリスタル洞窟1F,32704,32895,32768,32895,1,1,1,0,0,1,1,1,1,1,1,1,1,1
73,クリスタル洞窟2F,32704,32959,32704,32959,1,1,1,0,0,1,1,1,1,1,1,1,1,1
74,クリスタル洞窟3F,32704,32895,32768,32959,1,1,1,0,0,1,1,1,1,1,1,1,1,1
75,象牙の塔1F,32704,32831,32768,32959,1,1,1,0,0,1,1,1,1,1,1,1,1,1
76,象牙の塔2F,32704,32831,32768,32895,1,1,1,0,0,1,1,1,1,1,1,1,1,1
77,象牙の塔3F,32704,32831,32768,32895,1,1,1,0,0,1,1,1,1,1,1,1,1,1
78,象牙の塔4F:無生物研究室,32832,32959,32704,32831,1,1,1,0,0,0,1,1,1,1,1,1,1,1
79,象牙の塔5F:黒魔法研究室,32704,32831,32768,32895,1,1,1,0,0,0,1,1,1,1,1,1,1,1
80,象牙の塔6F:魔物封印室,32704,32831,32768,32895,1,1,1,0,0,0,1,1,1,1,1,1,1,1
81,象牙の塔7F:魔物封印室,32704,32831,32768,32895,1,1,1,0,0,0,1,1,1,1,1,1,1,1
82,象牙の塔8F:デーモン封印室,32640,32767,32768,32895,1,1,1,0,0,0,1,1,1,1,1,1,1,1
83,ハイネ=>忘れられた島行きの船,32704,32831,32768,32831,1,1,1,0,0,0,1,1,0,1,1,1,1,1
84,忘れられた島=>ハイネ行きの船,32704,32767,32768,32831,1,1,1,0,0,0,1,1,0,1,1,1,1,1
85,歌う島ダンジョン,32512,32831,32640,32959,1,1,1,0,0,1,1,1,0,1,1,1,1,1
86,隠された渓谷ダンジョン,32768,33023,32704,32895,1,1,1,0,0,1,1,1,0,1,1,1,1,1
87,パゴの部屋,32704,32767,32768,32831,1,1,1,0,0,0,1,1,1,1,1,1,1,1
88,ギラン闘技場,33472,33599,32640,32767,1,1,1,0,0,0,1,0,1,1,1,0,1,1
89,ギラン闘技場,32640,32767,32832,32959,1,1,1,0,0,0,1,0,1,1,1,0,1,1
90,ギラン闘技場,32640,32767,32832,32959,1,1,1,0,0,0,0,0,1,1,1,0,1,1
91,話せる島闘技場,32640,32767,32832,32959,1,1,1,0,0,0,1,0,1,1,0,0,1,1
92,グルーディオ闘技場,32640,32767,32832,32959,1,1,1,0,0,0,1,0,1,1,0,0,1,1
93,ケント闘技場,32640,32767,32832,32959,1,1,1,0,0,0,1,0,1,1,1,0,1,1
94,ウィンダウッド闘技場,32640,32767,32832,32959,1,1,1,0,0,0,1,0,1,1,1,0,1,1
95,シルバーナイトタウン闘技場,32640,32767,32832,32959,1,1,1,0,0,0,1,0,1,1,0,0,1,1
96,Lair of Valakas Arena,32640,32767,32832,32959,1,1,1,0,0,0,1,0,1,1,1,0,1,1
97,ハイネ闘技場,32640,32767,32832,32959,1,1,1,0,0,0,1,0,1,1,1,0,1,1
98,ウェルダン闘技場,32640,32767,32832,32959,1,1,1,0,0,0,1,0,1,1,0,0,1,1
99,GMルーム,32704,32767,32768,32831,1,1,1,0,0,0,0,1,0,1,0,0,1,1
100,\N,32704,32831,32768,32895,1,1,1,0,0,0,1,1,0,1,0,0,1,1
101,傲慢の塔1F,32704,32895,32704,32895,1,1,1,0,0,0,1,1,1,1,1,1,1,1
102,傲慢の塔2F,32704,32895,32704,32895,1,1,1,0,0,0,1,1,1,1,1,1,1,1
103,傲慢の塔3F,32704,32895,32704,32895,1,1,1,0,0,0,1,1,1,1,1,1,1,1
104,傲慢の塔4F,32576,32767,32768,32959,1,1,1,0,0,0,1,1,1,1,1,1,1,1
105,傲慢の塔5F,32576,32767,32768,32959,1,1,1,0,0,0,1,1,1,1,1,1,1,1
106,傲慢の塔6F,32576,33855,32768,32959,1,1,1,0,0,0,1,1,1,1,1,1,1,1
107,傲慢の塔7F,32576,32767,32768,32959,1,1,1,0,0,0,1,1,1,1,1,1,1,1
108,傲慢の塔8F,32576,32767,32768,32959,1,1,1,0,0,0,1,1,1,1,1,1,1,1
109,傲慢の塔9F,32576,32767,32768,32959,1,1,1,0,0,0,1,1,1,1,1,1,1,1
110,傲慢の塔10F,32704,32895,32704,32895,1,1,1,0,0,0,1,1,1,1,1,1,1,1
111,傲慢の塔11F,32576,32767,32768,32959,1,1,1,0,0,0,1,1,1,1,1,1,1,1
112,傲慢の塔12F,32704,32895,32704,32895,1,1,1,0,0,0,1,1,1,1,1,1,1,1
113,傲慢の塔13F,32704,32895,32704,32895,1,1,1,0,0,0,1,1,1,1,1,1,1,1
114,傲慢の塔14F,32576,32767,32768,32959,1,1,1,0,0,0,1,1,1,1,1,1,1,1
115,傲慢の塔15F,32576,32767,32768,32959,1,1,1,0,0,0,1,1,1,1,1,1,1,1
116,傲慢の塔16F,32704,32831,32832,32895,1,1,1,0,0,0,1,1,1,1,1,1,1,1
117,傲慢の塔17F,32576,32767,32768,32959,1,1,1,0,0,0,1,1,1,1,1,1,1,1
118,傲慢の塔18F,32576,32767,32768,32959,1,1,1,0,0,0,1,1,1,1,1,1,1,1
119,傲慢の塔19F,32576,32767,32768,32959,1,1,1,0,0,0,1,1,1,1,1,1,1,1
120,傲慢の塔20F,32704,32895,32704,32895,1,1,1,0,0,0,1,1,1,1,1,1,1,1
121,傲慢の塔21F,32576,32767,32768,32959,1,1,1,0,0,0,1,1,1,1,1,1,1,1
122,傲慢の塔22F,32704,32895,32704,32895,1,1,1,0,0,0,1,1,1,1,1,1,1,1
123,傲慢の塔23F,32704,32895,32704,32895,1,1,1,0,0,0,1,1,1,1,1,1,1,1
124,傲慢の塔24F,32576,32767,32768,32959,1,1,1,0,0,0,1,1,1,1,1,1,1,1
125,傲慢の塔25F,32576,32767,32768,32959,1,1,1,0,0,0,1,1,1,1,1,1,1,1
126,傲慢の塔26F,32704,32831,32832,32895,1,1,1,0,0,0,1,1,1,1,1,1,1,1
127,傲慢の塔27F,32576,32767,32768,32959,1,1,1,0,0,0,1,1,1,1,1,1,1,1
128,傲慢の塔28F,32576,32767,32768,32959,1,1,1,0,0,0,1,1,1,1,1,1,1,1
129,傲慢の塔29F,32576,32767,32768,32959,1,1,1,0,0,0,1,1,1,1,1,1,1,1
130,傲慢の塔30F,32704,32895,32704,32895,1,1,1,0,0,0,1,1,1,1,1,1,1,1
131,傲慢の塔31F,32576,32767,32768,32959,1,1,1,0,0,0,1,1,1,1,1,1,1,1
132,傲慢の塔32F,32704,32895,32704,32895,1,1,1,0,0,0,1,1,1,1,1,1,1,1
133,傲慢の塔33F,32704,32895,32704,32895,1,1,1,0,0,0,1,1,1,1,1,1,1,1
134,傲慢の塔34F,32576,32767,32768,32959,1,1,1,0,0,0,1,1,1,1,1,1,1,1
135,傲慢の塔35F,32576,32767,32768,32959,1,1,1,0,0,0,1,1,1,1,1,1,1,1
136,傲慢の塔36F,32704,32831,32832,32895,1,1,1,0,0,0,1,1,1,1,1,1,1,1
137,傲慢の塔37F,32576,32767,32768,32959,1,1,1,0,0,0,1,1,1,1,1,1,1,1
138,傲慢の塔38F,32576,32767,32768,32959,1,1,1,0,0,0,1,1,1,1,1,1,1,1
139,傲慢の塔39F,32576,32767,32768,32959,1,1,1,0,0,0,1,1,1,1,1,1,1,1
140,傲慢の塔40F,32704,32895,32704,32895,1,1,1,0,0,0,1,1,1,1,1,1,1,1
141,傲慢の塔41F,32576,32767,32768,32959,1,1,1,0,0,0,1,1,1,1,1,1,1,1
142,傲慢の塔42F,32704,32895,32704,32895,1,1,1,0,0,0,1,1,1,1,1,1,1,1
143,傲慢の塔43F,32704,32895,32704,32895,1,1,1,0,0,0,1,1,1,1,1,1,1,1
144,傲慢の塔44F,32576,32767,32768,32959,1,1,1,0,0,0,1,1,1,1,1,1,1,1
145,傲慢の塔45F,32576,32767,32768,32959,1,1,1,0,0,0,1,1,1,1,1,1,1,1
146,傲慢の塔46F,32576,32831,32768,32959,1,1,1,0,0,0,1,1,1,1,1,1,1,1
147,傲慢の塔47F,32576,32767,32768,32959,1,1,1,0,0,0,1,1,1,1,1,1,1,1
148,傲慢の塔48F,32576,32767,32768,32959,1,1,1,0,0,0,1,1,1,1,1,1,1,1
149,傲慢の塔49F,32576,32767,32768,32959,1,1,1,0,0,0,1,1,1,1,1,1,1,1
150,傲慢の塔50F,32704,32895,32704,32895,1,1,1,0,0,0,1,1,1,1,1,1,1,1
151,傲慢の塔51F,32576,32767,32768,32959,1,1,1,0,0,0,1,1,1,1,1,1,1,1
152,傲慢の塔52F,32576,32767,32768,32959,1,1,1,0,0,0,1,1,1,1,1,1,1,1
153,傲慢の塔53F,32576,32767,32768,32959,1,1,1,0,0,0,1,1,1,1,1,1,1,1
154,傲慢の塔54F,32704,32895,32704,32895,1,1,1,0,0,0,1,1,1,1,1,1,1,1
155,傲慢の塔55F,32704,32895,32704,32895,1,1,1,0,0,0,1,1,1,1,1,1,1,1
156,傲慢の塔56F,32704,32831,32768,32831,1,1,1,0,0,0,1,1,1,1,1,1,1,1
157,傲慢の塔57F,32576,32767,32768,32959,1,1,1,0,0,0,1,1,1,1,1,1,1,1
158,傲慢の塔58F,32576,32767,32768,32959,1,1,1,0,0,0,1,1,1,1,1,1,1,1
159,傲慢の塔59F,32576,32767,32768,32959,1,1,1,0,0,0,1,1,1,1,1,1,1,1
160,傲慢の塔60F,32576,32767,32768,32959,1,1,1,0,0,0,1,1,1,1,1,1,1,1
161,傲慢の塔61F,32576,32767,32768,32959,1,1,1,0,0,0,1,1,1,1,1,1,1,1
162,傲慢の塔62F,32576,32767,32768,32959,1,1,1,0,0,0,1,1,1,1,1,1,1,1
163,傲慢の塔63F,32576,32767,32768,32959,1,1,1,0,0,0,1,1,1,1,1,1,1,1
164,傲慢の塔64F,32704,32895,32704,32895,1,1,1,0,0,0,1,1,1,1,1,1,1,1
165,傲慢の塔65F,32704,32895,32704,32895,1,1,1,0,0,0,1,1,1,1,1,1,1,1
166,傲慢の塔66F,32704,32831,32768,32831,1,1,1,0,0,0,1,1,1,1,1,1,1,1
167,傲慢の塔67F,32576,32767,32768,32959,1,1,1,0,0,0,1,1,1,1,1,1,1,1
168,傲慢の塔68F,32576,32767,32768,32959,1,1,1,0,0,0,1,1,1,1,1,1,1,1
169,傲慢の塔69F,32576,32767,32768,32959,1,1,1,0,0,0,1,1,1,1,1,1,1,1
170,傲慢の塔70F,32576,32767,32768,32959,1,1,1,0,0,0,1,1,1,1,1,1,1,1
171,傲慢の塔71F,32576,32767,32768,32959,1,1,1,0,0,0,1,1,1,1,1,1,1,1
172,傲慢の塔72F,32576,32767,32768,32959,1,1,1,0,0,0,1,1,1,1,1,1,1,1
173,傲慢の塔73F,32576,32767,32768,32959,1,1,1,0,0,0,1,1,1,1,1,1,1,1
174,傲慢の塔74F,32704,32895,32704,32895,1,1,1,0,0,0,1,1,1,1,1,1,1,1
175,傲慢の塔75F,32704,32895,32704,32895,1,1,1,0,0,0,1,1,1,1,1,1,1,1
176,傲慢の塔76F,32704,32831,32768,32831,1,1,1,0,0,0,1,1,1,1,1,1,1,1
177,傲慢の塔77F,32576,32767,32768,32959,1,1,1,0,0,0,1,1,1,1,1,1,1,1
178,傲慢の塔78F,32576,32767,32768,32959,1,1,1,0,0,0,1,1,1,1,1,1,1,1
179,傲慢の塔79F,32576,32767,32768,32959,1,1,1,0,0,0,1,1,1,1,1,1,1,1
180,傲慢の塔80F,32576,32767,32768,32959,1,1,1,0,0,0,1,1,1,1,1,1,1,1
181,傲慢の塔81F,32576,32767,32768,32959,1,1,1,0,0,0,1,1,1,1,1,1,1,1
182,傲慢の塔82F,32576,32767,32768,32959,1,1,1,0,0,0,1,1,1,1,1,1,1,1
183,傲慢の塔83F,32576,32767,32768,32959,1,1,1,0,0,0,1,1,1,1,1,1,1,1
184,傲慢の塔84F,32704,32895,32704,32895,1,1,1,0,0,0,1,1,1,1,1,1,1,1
185,傲慢の塔85F,32704,32895,32704,32895,1,1,1,0,0,0,1,1,1,1,1,1,1,1
186,傲慢の塔86F,32704,32831,32768,32831,1,1,1,0,0,0,1,1,1,1,1,1,1,1
187,傲慢の塔87F,32576,32767,32768,32959,1,1,1,0,0,0,1,1,1,1,1,1,1,1
188,傲慢の塔88F,32576,32767,32768,32959,1,1,1,0,0,0,1,1,1,1,1,1,1,1
189,傲慢の塔89F,32576,32767,32768,32959,1,1,1,0,0,0,1,1,1,1,1,1,1,1
190,傲慢の塔90F,32576,32767,32768,32959,1,1,1,0,0,0,1,1,1,1,1,1,1,1
191,傲慢の塔91F,32576,32767,32768,32959,1,1,1,0,0,0,1,1,1,1,1,1,1,1
192,傲慢の塔92F,32576,32767,32768,32959,1,1,1,0,0,0,1,1,1,1,1,1,1,1
193,傲慢の塔93F,32576,32767,32768,32959,1,1,1,0,0,0,1,1,1,1,1,1,1,1
194,傲慢の塔94F,32704,32895,32704,32895,1,1,1,0,0,0,1,1,1,1,1,1,1,1
195,傲慢の塔95F,32704,32895,32704,32895,1,1,1,0,0,0,1,1,1,1,1,1,1,1
196,傲慢の塔96F,32704,32831,32768,32831,1,1,1,0,0,0,1,1,1,1,1,1,1,1
197,傲慢の塔97F,32576,32767,32768,32959,1,1,1,0,0,0,1,1,1,1,1,1,1,1
198,傲慢の塔98F,32576,32767,32768,32959,1,1,1,0,0,0,1,1,1,1,1,1,1,1
199,傲慢の塔99F,32576,32767,32768,32959,1,1,1,0,0,0,1,1,1,1,1,1,1,1
200,傲慢の塔100F,32576,32831,32768,33023,1,1,1,0,0,0,0,1,1,1,1,1,1,1
201,ウィザードクエストダンジョン,32640,33535,32704,32959,1,1,1,0,0,0,1,1,1,1,1,1,1,1
202,ウィザードクエストダンジョン,32640,33535,32704,32895,1,1,1,0,0,0,1,1,1,1,1,1,1,1
203,ウィザードクエストダンジョン,32640,33535,32704,32895,1,1,1,0,0,0,1,1,1,1,1,1,1,1
204,ウィザードクエストダンジョン,32640,33535,32704,32895,1,1,1,0,0,0,1,1,1,1,1,1,1,1
205,\N,32640,33535,32704,32895,1,1,1,0,0,1,1,1,0,1,1,1,1,1
206,\N,32640,33535,32704,32895,1,1,1,0,0,1,1,1,0,1,1,1,1,1
207,\N,32640,33535,32704,32895,1,1,1,0,0,1,1,1,0,1,1,1,1,1
208,\N,32640,33535,32704,32895,1,1,1,0,0,1,1,1,0,1,1,1,1,1
209,ダークエルフダンジョン,32704,32767,32768,32831,1,1,1,0,0,0,1,1,1,1,1,1,1,1
210,ダークエルフダンジョン,32640,33535,32704,32895,1,1,1,0,0,0,1,1,1,1,1,1,1,1
211,ダークエルフダンジョン,32640,33535,32704,32895,1,1,1,0,0,0,1,1,1,1,1,1,1,1
213,ダークエルフダンジョン,32704,32767,32768,32831,1,1,1,0,0,0,1,1,1,1,1,1,1,1
217,ミュータントアントダンジョン,32640,32767,32768,32831,1,1,1,0,0,0,1,1,1,1,1,1,1,1
221,Gerard Test Dungeon,32640,32895,32640,32895,1,1,1,0,0,0,1,1,1,1,1,1,1,1
237,Jim\'s Dungeon,32704,32767,32768,32831,1,1,1,0,0,0,1,1,1,1,1,1,1,1
240,ケント城ダンジョン1F,32640,32767,33024,33151,1,1,1,0,0,0,1,1,1,1,1,1,1,1
241,ケント城ダンジョン2F,32704,32831,32832,32959,1,1,1,0,0,0,1,1,1,1,1,1,1,1
242,ケント城ダンジョン3F,32704,32831,32896,33087,1,1,1,0,0,0,1,1,1,1,1,1,1,1
243,ケント城ダンジョン4F,32640,32767,32832,33023,1,1,1,0,0,0,1,1,1,1,1,1,1,1
244,汚染された祝福の地,32704,33023,32768,33087,1,1,1,0,0,0,1,1,1,1,1,1,1,1
248,ギラン城ダンジョン1F:タロス城内,32704,32831,32768,32895,1,1,1,0,0,0,1,1,1,1,1,1,1,1
249,ギラン城ダンジョン2F:貪欲な者の罠,32704,32831,32832,32895,1,1,1,0,0,0,1,1,1,1,1,1,1,1
250,ギラン城ダンジョン3F:貪欲なホール,32704,32831,32768,32895,1,1,1,0,0,0,1,1,1,1,1,1,1,1
251,ギラン城ダンジョン:タロス伯爵の部屋,32768,32831,32768,32831,1,1,1,0,0,0,1,1,1,1,1,1,1,1
252,ハイネ城ダンジョン:ハイネの地下監獄,32576,32767,32832,32895,1,1,1,0,0,0,1,1,1,1,1,1,1,1
253,ハイネ城ダンジョン:エヴァの王国,32704,32831,32832,33023,1,1,1,1,0,0,1,1,1,1,0,0,1,1
254,ハイネ城ダンジョン:バルバドスの隠れ家,32576,32767,32768,32959,1,1,1,0,0,0,1,1,1,1,1,1,1,1
255,ドワーフ城ダンジョン:ドワーフ鉱山,32640,32831,32768,32895,1,1,1,0,0,0,1,1,1,1,1,1,1,1
256,ドワーフ城ダンジョン:未開の地,32640,32895,32768,33023,1,1,1,0,0,0,1,1,1,1,1,1,1,1
257,アデン城ダンジョン1F:死者の回廊,32640,32831,32768,32895,1,1,1,0,0,0,1,1,1,1,1,1,1,1
258,アデン城ダンジョン2F:死者の墓,32576,32831,32768,33151,1,1,1,0,0,0,1,1,1,1,1,1,1,1
259,アデン城ダンジョン3F:死者の回廊,32704,32767,32768,33023,1,1,1,0,0,0,1,1,1,1,1,1,1,1
261,第1オーク部隊前哨基地,32704,32895,32768,32959,1,1,1,0,0,0,1,1,1,1,1,1,1,1
262,隠された第1オーク部隊前哨基地,32704,32895,32768,32959,1,1,1,0,0,0,1,1,1,1,1,1,1,1
263,第2オーク部隊前哨基地,32704,32895,32768,32959,1,1,1,0,0,0,1,1,1,1,1,1,1,1
264,第3オーク部隊前哨基地,32704,32895,32768,32959,1,1,1,0,0,0,1,1,1,1,1,1,1,1
265,第4オーク部隊前哨基地,32704,32895,32768,32959,1,1,1,0,0,0,1,1,1,1,1,1,1,1
266,第5オーク部隊前哨基地,32704,32895,32768,32959,1,1,1,0,0,0,1,1,1,1,1,1,1,1
267,隠された第2オーク部隊前哨基地,32704,32895,32768,32959,1,1,1,0,0,0,1,1,1,1,1,1,1,1
268,第6オーク部隊前哨基地,32704,32895,32768,32959,1,1,1,0,0,0,1,1,1,1,1,1,1,1
269,第7オーク部隊前哨基地,32704,32895,32768,32959,1,1,1,0,0,0,1,1,1,1,1,1,1,1
270,象牙の塔の秘密研究室,32704,32767,32768,32831,1,1,1,0,0,0,1,1,1,1,1,1,1,1
271,Crystal Cavern,32704,32831,32768,32895,1,1,1,0,0,0,1,1,1,1,1,1,1,1
272,Crystal Cavern,32704,32831,32768,32895,1,1,1,0,0,0,1,1,1,1,1,1,1,1
273,Crystal Cavern,32704,32831,32768,32895,1,1,1,0,0,0,1,1,1,1,1,1,1,1
274,Crystal Cavern,32704,32831,32768,32895,1,1,1,0,0,0,1,1,1,1,1,1,1,1
275,Crystal Cavern,32704,32831,32768,32895,1,1,1,0,0,0,1,1,1,1,1,1,1,1
276,Crystal Cavern,32704,32831,32768,32895,1,1,1,0,0,0,1,1,1,1,1,1,1,1
277,Crystal Cavern,32704,32831,32768,32895,1,1,1,0,0,0,1,1,1,1,1,1,1,1
278,Crystal Cavern,32704,32895,32768,32895,1,1,1,0,0,0,1,1,1,1,1,1,1,1
279,第8オーク部隊前哨基地,32704,32895,32768,32959,1,1,1,0,0,0,1,1,1,1,1,1,1,1
280,ヤヌスの象牙の塔4F:バルログ陣営,32832,32959,32704,32831,1,1,1,0,0,0,1,1,1,1,1,1,1,1
281,ヤヌスの象牙の塔5F:バルログ陣営,32704,32831,32768,32895,1,1,1,0,0,0,1,1,1,1,1,1,1,1
282,ヤヌスの象牙の塔6F:バルログ陣営,32704,32831,32768,32895,1,1,1,0,0,0,1,1,1,1,1,1,1,1
283,ヤヌスの象牙の塔7F:バルログ陣営,32704,32831,32768,32895,1,1,1,0,0,0,1,1,1,1,1,1,1,1
284,ヤヌスの象牙の塔8F:バルログ陣営,32640,32767,32768,32895,1,1,1,0,0,0,1,1,1,1,1,1,1,1
285,ヤヌスの象牙の塔4F:ヤヒ陣営,32832,32959,32704,32831,1,1,1,0,0,0,1,1,1,1,1,1,1,1
286,ヤヌスの象牙の塔5F:ヤヒ陣営,32704,32831,32768,32895,1,1,1,0,0,0,1,1,1,1,1,1,1,1
287,ヤヌスの象牙の塔6F:ヤヒ陣営,32704,32831,32768,32895,1,1,1,0,0,0,1,1,1,1,1,1,1,1
288,ヤヌスの象牙の塔7F:ヤヒ陣営,32704,32831,32768,32895,1,1,1,0,0,0,1,1,1,1,1,1,1,1
289,ヤヌスの象牙の塔8F:ヤヒ陣営,32640,32767,32768,32895,1,1,1,0,0,0,1,1,1,1,1,1,1,1
290,隠された第3オーク部隊前哨基地,32704,32895,32768,32959,1,1,1,0,0,0,1,1,1,1,1,1,1,1
291,隠された第4オーク部隊前哨基地,32704,32895,32768,32959,1,1,1,0,0,0,1,1,1,1,1,1,1,1
300,アデン城内,32832,32959,32448,32639,1,1,1,0,0,1,1,1,1,1,1,1,1,1
301,アデン地下水路,32576,32767,32768,33023,1,1,1,0,0,1,1,1,1,1,1,1,1,1
302,セピアのダンジョン,32704,32767,32832,32895,1,1,1,0,0,0,1,1,1,1,1,1,1,1
303,夢幻の島,32576,32959,32512,32895,1,1,1,0,0,0,0,0,1,0,1,1,1,1
304,沈黙の洞窟,32576,32959,32768,33023,1,1,1,0,1,1,1,1,1,1,1,1,1,1
305,Elder Room,32704,32767,32768,32831,1,1,1,0,0,1,1,1,1,1,1,1,1,1
306,邪念のダンジョン,32512,32767,32768,32959,1,1,1,0,0,0,1,1,1,1,1,1,1,1
307,地下侵攻路1F,32704,32959,32768,32959,1,1,1,0,0,1,1,1,1,1,1,1,1,1
308,地下侵攻路2F,32704,33023,32768,32959,1,1,1,0,0,1,1,1,1,1,1,1,1,1
309,地下侵攻路3F,32704,33087,32768,32959,1,1,1,0,0,1,1,1,1,1,1,1,1,1
310,オームダンジョン,32640,32895,32768,33023,1,1,1,0,0,0,1,1,1,1,1,1,1,1
320,ディアド要塞,32640,33087,32768,33087,1,1,1,0,0,0,1,1,1,1,1,1,1,1
330,ブラックミスリル鉱山,32640,32831,32768,33023,1,1,1,0,0,1,1,1,1,1,1,1,1,1
340,グルーディン市場,32640,32895,32704,32959,1,1,1,0,0,0,1,1,0,1,0,0,1,1
350,ギラン市場,32640,32767,32768,32895,1,1,1,0,0,0,1,1,0,1,0,0,1,1
360,オーレン市場,32640,32831,32704,32895,1,1,1,0,0,0,1,1,0,1,0,0,1,1
370,シルバーナイトタウン市場,32640,32831,32704,32895,1,1,1,0,0,0,1,1,0,1,0,0,1,1
400,Great Cavern Recluse Village Area,32448,33087,32576,33087,1,1,1,0,0,0,1,1,1,1,1,1,1,1
401,Great Cavern Resistance Area,32704,32895,32768,32895,1,1,1,0,0,0,1,1,1,1,1,1,1,1
410,魔族の神殿,32640,32959,32704,33087,1,1,1,0,0,0,1,1,1,1,1,1,1,1
420,地底湖,32640,32831,32832,33151,1,1,1,1,0,1,1,1,1,1,0,0,1,1
430,精霊の墓,32640,33023,32704,33087,1,1,1,0,0,0,1,1,1,1,1,1,1,1
440,海賊島:前半部,32256,32767,32768,33279,1,1,1,0,0,1,1,1,1,1,1,1,1,1
441,海賊島ダンジョン1F,32640,32895,32704,32959,1,1,1,0,0,1,1,1,1,1,1,1,1,1
442,海賊島ダンジョン2F,32704,32895,32704,32895,1,1,1,0,0,0,1,1,1,1,1,1,1,1
443,海賊島ダンジョン3F,32640,32895,32640,32959,1,1,1,0,0,0,1,1,1,1,1,1,1,1
444,海賊島ダンジョン4F,32704,32767,32768,32831,1,1,1,0,0,0,1,1,1,1,1,1,1,1
445,海賊島行きの船着場,32704,32831,32832,32895,1,1,1,0,0,0,1,1,1,1,1,1,1,1
446,海賊島=>オーク村行きの船,32704,32831,32768,32831,1,1,1,0,0,0,1,1,0,1,1,1,1,1
447,オーク村=>海賊島行きの船,32704,32767,32768,32831,1,1,1,0,0,0,1,1,0,1,1,1,1,1
450,ラスタバド城:正門,32576,32831,32768,32959,1,1,1,0,0,0,1,1,1,1,1,1,1,1
451,ラスタバド城1F:集会場,32704,32895,32704,32895,1,1,1,0,0,0,1,1,1,1,1,1,1,1
452,ラスタバド城1F:突撃隊訓練場,32704,32831,32768,32895,1,1,1,0,0,0,1,1,1,1,1,1,1,1
453,ラスタバド城1F:魔獣軍王の執務室,32704,32895,32704,32895,1,1,1,0,0,0,1,1,1,1,1,1,1,1
454,ラスタバド城1F:野獣調教室,32704,32895,32704,32895,1,1,1,0,0,0,1,1,1,1,1,1,1,1
455,ラスタバド城1F:野獣調教室,32704,32895,32768,32895,1,1,1,0,0,0,1,1,1,1,1,1,1,1
456,ラスタバド城1F:魔獣召喚室,32704,32831,32768,32895,1,1,1,0,0,0,1,1,1,1,1,1,1,1
457,ラスタバド城1F:闇の結界,32640,32767,32768,32895,1,1,1,0,0,0,1,1,1,1,1,1,1,1
460,ラスタバド城2F:黒魔法訓練場,32704,32895,32768,32895,1,1,1,0,0,0,1,1,1,1,1,1,1,1
461,ラスタバド城2F:黒魔法研究室,32640,32895,32768,32895,1,1,1,0,0,0,1,1,1,1,1,1,1,1
462,ラスタバド城2F:魔霊軍王の執務室,32640,32895,32768,32895,1,1,1,0,0,0,1,1,1,1,1,1,1,1
463,ラスタバド城2F:魔霊軍王の書斎,32704,32831,32768,32895,1,1,1,0,0,0,1,1,1,1,1,1,1,1
464,ラスタバド城2F:精霊召喚室,32704,32831,32768,32895,1,1,1,0,0,0,1,1,1,1,1,1,1,1
465,ラスタバド城2F:精霊の生息地,32704,32831,32768,32895,1,1,1,0,0,0,1,1,1,1,1,1,1,1
466,ラスタバド城2F:闇の精霊研究室,32704,32831,32768,32895,1,1,1,0,0,0,1,1,1,1,1,1,1,1
467,ラスタバド城2F:闇の結界,32640,32767,32768,32895,1,1,1,0,0,0,1,1,1,1,1,1,1,1
468,ラスタバド城2F:闇の結界,32576,32703,32832,32959,1,1,1,0,0,0,1,1,1,1,1,1,1,1
470,ラスタバド城3F:悪霊の祭壇,32640,32895,32768,32895,1,1,1,0,0,0,1,1,1,1,1,1,1,1
471,ラスタバド城3F:デビルロードの祭壇,32704,32831,32768,32895,1,1,1,0,0,0,1,1,1,1,1,1,1,1
472,ラスタバド城3F:傭兵訓練場,32640,32831,32704,32895,1,1,1,0,0,0,1,1,1,1,1,1,1,1
473,ラスタバド城3F:冥法軍の訓練場,32704,32959,32768,32895,1,1,1,0,0,0,1,1,1,1,1,1,1,1
474,ラスタバド城3F:オーム実験室,32704,32831,32768,32895,1,1,1,0,0,0,1,1,1,1,1,1,1,1
475,ラスタバド城3F:冥法軍王の執務室,32640,32831,32768,32895,1,1,1,0,0,0,1,1,1,1,1,1,1,1
476,ラスタバド城3F:中央コントロールルーム,32704,32831,32704,32895,1,1,1,0,0,0,1,1,1,1,1,1,1,1
477,ラスタバド城3F:デビルロードの傭兵室,32704,32831,32768,32959,1,1,1,0,0,0,1,1,1,1,1,1,1,1
478,ラスタバド城3F:立入り禁止エリア,32640,32831,32704,32895,1,1,1,0,0,0,1,1,1,1,1,1,1,1
479,ラスタバド城:中央広場,32704,32959,32640,32895,1,1,1,0,0,0,1,1,1,1,1,1,1,1
480,海賊島:後半部,32576,32895,32768,33023,1,1,1,0,0,1,1,1,1,1,1,1,1,1
481,カミーラの部屋,32640,32831,32768,32895,1,1,1,0,0,0,1,1,1,1,1,1,1,1
482,フランコの迷宮,32576,32831,32704,32895,1,1,1,0,0,1,1,1,1,1,1,1,1,1
483,ディエゴの閉ざされた牢,32640,32895,32704,32959,1,1,1,0,0,1,1,1,1,1,1,1,1,1
484,ホセの地下牢,32704,32895,32704,32895,1,1,1,0,0,1,1,1,1,1,1,1,1,1
490,ラスタバド城:地下訓練場,32640,32767,32768,32895,1,1,1,0,0,0,1,1,1,1,1,1,1,1
491,ラスタバド城:地下通路,32640,32767,32704,32895,1,1,1,0,0,0,1,1,1,1,1,1,1,1
492,ラスタバド城:暗殺軍王の執務室,32704,32895,32768,32895,1,1,1,0,0,0,1,1,1,1,1,1,1,1
493,ラスタバド城:地下コントロールルーム,32704,32831,32704,32831,1,1,1,0,0,0,1,1,1,1,1,1,1,1
494,ラスタバド城:地下処刑場,32768,32895,32704,32831,1,1,1,0,0,0,1,1,1,1,1,1,1,1
495,ラスタバド城:地下決闘場,32704,32895,32704,32895,1,1,1,0,0,0,1,1,1,1,1,1,1,1
496,ラスタバド城:地下牢,32768,32895,32768,32895,1,1,1,0,0,0,1,1,1,1,1,1,1,1
500,\N,32640,32831,32704,32895,1,1,1,0,0,0,1,1,1,1,1,1,1,1
501,\N,32576,33215,32512,32959,1,1,1,0,0,0,1,1,1,1,1,1,1,1
502,\N,32576,33215,32576,32959,1,1,1,0,0,1,1,1,1,1,1,1,1,1
503,\N,32576,33215,32576,32959,1,1,1,0,0,0,1,1,1,1,1,1,1,1
504,\N,32576,33215,32576,32959,1,1,1,0,0,0,1,1,1,1,1,1,1,1
505,\N,32576,33215,32576,32959,1,1,1,0,0,0,1,1,1,1,1,1,1,1
506,\N,32512,33215,32576,32959,1,1,1,0,0,0,1,1,1,1,1,1,1,1
507,\N,32704,33023,32768,32959,1,1,1,0,0,1,1,1,1,1,1,1,1,1
508,\N,32768,32895,33088,33215,1,1,1,0,0,0,1,1,1,1,1,1,1,1
509,Chaos Battle Collosseum,32704,32767,32768,32831,1,1,1,0,0,0,1,1,1,1,1,1,1,1
511,\N,32576,33215,32576,32895,1,1,1,0,0,0,1,1,1,1,1,1,1,1
512,\N,32576,33215,32576,32895,1,1,1,0,0,0,1,1,1,1,1,1,1,1
513,\N,32576,33215,32576,32895,1,1,1,0,0,0,1,1,1,1,1,1,1,1
514,\N,32576,33215,32576,32895,1,1,1,0,0,0,1,1,1,1,1,1,1,1
515,\N,32576,33215,32576,32895,1,1,1,0,0,0,1,1,1,1,1,1,1,1
516,\N,32576,33215,32576,32895,1,1,1,0,0,0,1,1,1,1,1,1,1,1
518,\N,32640,32831,32704,32895,1,1,1,0,0,0,1,1,0,1,0,0,1,1
521,影の神殿:外部,32576,32767,32832,33023,1,1,1,0,0,0,1,1,1,1,1,1,1,1
522,影の神殿1F,32576,32831,32832,32959,1,1,1,0,0,1,1,1,1,1,1,1,1,1
523,影の神殿2F,32576,32831,32832,32959,1,1,1,0,0,1,1,1,1,1,1,1,1,1
524,影の神殿3F,32576,32831,32832,32959,1,1,1,0,0,1,1,1,1,1,1,1,1,1
530,ラスタバド城4F:グランカインの神殿/大法官ケイナの部屋,32704,32959,32768,32959,1,1,1,0,0,0,1,1,1,1,1,1,1,1
531,ラスタバド城4F:大法官ビアタス/バロメス/エンディアスの部屋,32704,32895,32704,32959,1,1,1,0,0,0,1,1,1,1,1,1,1,1
532,ラスタバド城4F:庭園広場/大法官イデアの部屋,32704,32895,32768,32895,1,1,1,0,0,0,1,1,1,1,1,1,1,1
533,ラスタバド城4F:大法官ティアメス/ラミアス/バロードの部屋,32704,32895,32768,33023,1,1,1,0,0,0,1,1,1,1,1,1,1,1
534,ラスタバド城4F:長老会議場/副祭祀長カサンドラの部屋/ダンテスの執務室,32704,32959,32768,32895,1,1,1,0,0,0,1,1,1,1,1,1,1,1
535,ダークエルフの聖地,32576,32895,32704,33023,1,1,1,0,0,0,1,1,1,1,1,1,1,1
536,ラスタバド城3F:闇の結界,32640,32831,32704,32895,1,1,1,0,0,0,1,1,1,1,1,1,1,1
537,Doomed Dark Elf Holy Place,32768,32895,32768,32959,1,1,1,0,0,0,1,1,1,1,1,1,1,1
541,蟻洞窟:卵部屋A,32640,32831,32768,32895,1,1,1,0,0,1,1,1,1,1,1,1,1,1
542,蟻洞窟:卵部屋B,32640,32831,32768,32895,1,1,1,0,0,1,1,1,1,1,1,1,1,1
543,蟻洞窟:女王蟻部屋,32704,32895,32704,32895,1,1,1,0,0,1,1,1,1,1,1,1,1,1
550,船の墓場:地上層,32384,32895,32640,33151,1,1,1,0,0,0,1,1,1,1,1,1,1,1
551,船の墓場:大型船内1F,32640,32767,32768,32895,1,1,1,0,0,0,1,1,1,1,1,1,1,1
552,船の墓場:大型船内1F(水中),32704,32767,32768,32895,1,1,1,1,0,0,1,1,1,1,0,0,1,1
553,船の墓場:小型船内1F,32704,32831,32768,32895,1,1,1,0,0,0,1,1,1,1,1,1,1,1
554,船の墓場:大型船内2F,32704,32831,32768,32895,1,1,1,0,0,0,1,1,1,1,1,1,1,1
555,船の墓場:大型船内2F(水中),32704,32767,32768,32895,1,1,1,1,0,0,1,1,1,1,0,0,1,1
556,船の墓場:小型船内2F,32704,32831,32768,32895,1,1,1,0,0,0,1,1,1,1,1,1,1,1
557,船の墓場:大型船内3F(水中),32704,32831,32768,32895,1,1,1,1,0,0,1,1,1,1,0,0,1,1
558,船の墓場:深海層,32704,33215,32768,33279,1,1,1,1,0,1,1,1,1,1,0,0,1,1
600,欲望の洞窟:外部,32640,32895,32704,32895,1,1,1,0,0,1,1,1,1,1,1,1,1,1
601,欲望の洞窟:ロビー,32640,32959,32704,32959,1,1,1,0,0,1,1,1,1,1,1,1,1,1
602,欲望の洞窟:バルログの謁見の間,32640,32767,32768,32895,1,1,1,0,0,1,1,1,1,1,1,1,1,1
603,Barlog Lair,32640,32767,32768,32895,1,1,1,0,0,1,1,1,1,1,1,1,1,1
604,欲望の洞窟:水の部屋,32768,32895,32768,32895,1,1,1,1,0,1,1,1,1,1,0,0,1,1
605,欲望の洞窟:火の部屋,32704,32959,32704,32959,1,1,1,0,0,1,1,1,1,1,1,1,1,1
606,欲望の洞窟:風の部屋,32640,32895,32704,32895,1,1,1,0,0,1,1,1,1,1,1,1,1,1
607,欲望の洞窟:地の部屋,32640,32895,32768,32959,1,1,1,0,0,1,1,1,1,1,1,1,1,1
608,ヤヒの研究室,32640,32767,32832,32959,1,1,1,0,0,1,1,1,1,1,1,1,1,1
610,Witch\'s Market,32640,32895,32704,32959,1,1,1,0,0,1,1,1,1,1,1,1,1,1
611,Camp Site,32640,32895,32640,32831,1,1,1,0,0,1,1,1,1,1,1,1,1,1
612,Forest of Abundance,32640,32895,32704,32959,1,1,1,0,0,0,1,1,1,1,1,1,1,1
613,Ground of Snowball fight,32640,32895,32768,33023,1,1,1,0,0,1,1,1,0,1,0,0,1,1
620,ネットカフェロビー,32768,32831,32768,32831,1,1,1,0,0,1,1,1,0,1,0,0,1,1
621,PC Premium Zone,32640,32895,32768,32959,1,1,1,0,0,1,1,0,0,0,0,1,1,1
622,怪しい天空庭園:ネットカフェ村,32704,32895,32768,32895,1,1,1,0,0,0,1,1,1,1,1,1,1,1
623,怪しい庭園:ネットカフェ専用狩場,32576,32895,32832,33023,1,1,1,0,0,0,1,1,1,1,1,1,1,1
630,Castle in the Sky,32704,33023,32768,33087,1,1,1,0,0,0,1,1,0,1,1,1,1,1
631,Two Dimensional Space,32704,33087,32640,33023,1,1,1,0,0,0,1,1,0,1,1,1,1,1
632,Brave Man\'s Sacred Place 1,32640,32959,32576,32895,1,1,1,0,0,0,1,1,0,1,1,1,1,1
653,怪しい牢獄1F:ネットカフェ専用ギラン監獄1F,32640,32895,32640,32895,1,1,1,0,0,0,1,1,1,1,1,1,1,1
654,怪しい牢獄2F:ネットカフェ専用ギラン監獄2F,32640,32895,32640,32895,1,1,1,0,0,0,1,1,1,1,1,1,1,1
655,怪しい牢獄3F:ネットカフェ専用ギラン監獄3F,32640,32831,32704,32959,1,1,1,0,0,0,1,1,1,1,1,1,1,1
656,怪しい牢獄4F:ネットカフェ専用ギラン監獄4F,32640,32895,32640,32895,1,1,1,0,0,0,1,1,1,1,1,1,1,1
666,地獄,32640,32831,32704,32895,1,1,1,0,0,1,0,1,1,1,1,1,1,1
701,Aden Hunting Ground,32576,33023,32512,32959,1,1,1,0,0,0,1,1,1,1,1,1,1,1
702,Aden Hunting Ground,32640,32959,32576,32895,1,1,1,0,0,1,1,1,0,1,0,0,1,1
703,Aden Hunting Ground,32640,32959,32576,32895,1,1,1,0,0,1,1,1,0,1,0,0,1,1
704,Aden Hunting Ground,32640,32959,32576,32895,1,1,1,0,0,1,1,1,0,1,0,0,1,1
705,Aden Hunting Ground,32640,32959,32576,32895,1,1,1,0,0,1,1,1,0,1,0,0,1,1
706,Aden Hunting Ground,32640,32959,32576,32895,1,1,1,0,0,1,1,1,0,1,0,0,1,1
707,Aden Hunting Ground,32640,32959,32576,32895,1,1,1,0,0,1,1,1,0,1,0,0,1,1
708,Aden Hunting Ground,32640,32959,32576,32895,1,1,1,0,0,1,1,1,0,1,0,0,1,1
709,Aden Hunting Ground,32640,32959,32576,32895,1,1,1,0,0,1,1,1,0,1,0,0,1,1
710,Aden Hunting Ground,32640,32959,32576,32895,1,1,1,0,0,1,1,1,0,1,0,0,1,1
711,Aden Hunting Ground,32640,32959,32576,32895,1,1,1,0,0,1,1,1,0,1,0,0,1,1
712,Aden Hunting Ground,32640,32959,32576,32895,1,1,1,0,0,1,1,1,0,1,0,0,1,1
713,Aden Hunting Ground,32640,32959,32576,32895,1,1,1,0,0,1,1,1,0,1,0,0,1,1
714,Aden Hunting Ground,32640,32959,32576,32895,1,1,1,0,0,1,1,1,0,1,0,0,1,1
715,Aden Hunting Ground,32640,32959,32576,32895,1,1,1,0,0,1,1,1,0,1,0,0,1,1
716,Aden Hunting Ground,32640,32959,32576,32895,1,1,1,0,0,1,1,1,0,1,0,0,1,1
717,Aden Hunting Ground,32640,32959,32576,32895,1,1,1,0,0,1,1,1,0,1,0,0,1,1
718,Aden Hunting Ground,32640,32959,32576,32895,1,1,1,0,0,1,1,1,0,1,0,0,1,1
719,Aden Hunting Ground,32640,32959,32576,32895,1,1,1,0,0,1,1,1,0,1,0,0,1,1
720,Aden Hunting Ground,32640,32959,32576,32895,1,1,1,0,0,1,1,1,0,1,0,0,1,1
721,Aden Hunting Ground,32640,32959,32576,32895,1,1,1,0,0,1,1,1,0,1,0,0,1,1
722,Aden Hunting Ground,32640,32959,32576,32895,1,1,1,0,0,1,1,1,0,1,0,0,1,1
723,Aden Hunting Ground,32640,32959,32576,32895,1,1,1,0,0,1,1,1,0,1,0,0,1,1
724,Aden Hunting Ground,32640,32959,32576,32895,1,1,1,0,0,1,1,1,0,1,0,0,1,1
725,\N,33472,33663,32576,32767,1,1,1,0,0,0,1,1,0,1,0,0,1,1
726,\N,32640,32767,32832,32959,1,1,1,0,0,0,1,1,0,1,0,0,1,1
777,見捨てられた者たちの地,32448,32831,32832,33151,1,1,1,0,0,1,1,1,1,1,1,1,1,1
778,見捨てられた者たちの地,32640,32959,32576,33023,1,1,1,0,0,1,1,1,1,1,1,1,1,1
779,見捨てられた者たちの地,32768,33023,32704,32895,1,1,1,1,0,1,1,1,1,1,1,1,1,1
780,テーベ砂漠,32576,32831,32704,33087,1,1,1,0,0,1,1,1,1,1,1,1,1,1
781,テーベピラミッド内部,32704,33023,32704,32895,1,1,1,0,0,0,1,1,1,1,1,1,1,1
782,テーベオシリス祭壇,32704,32831,32768,32895,1,1,1,0,0,0,1,1,1,1,1,1,1,1
783,ティカル寺院,32704,33343,32576,32959,1,1,1,0,0,1,1,1,0,1,0,0,1,1
784,ティカルククルカン祭壇,32704,32831,32832,32895,1,1,1,0,0,1,1,1,0,1,0,0,1,1
785,デスナイトの修練場,32640,32959,32576,32895,1,1,1,0,0,0,1,1,1,1,1,1,1,1
786,デスナイトの秘密修練場,32640,32959,32576,32895,1,1,1,0,0,0,1,1,1,1,1,1,1,1
787,デスナイトの怪しい修練場,32640,32959,32576,32895,1,1,1,0,0,0,1,1,1,1,1,1,1,1
788,\N,32640,32959,32576,32895,1,1,1,0,0,0,1,1,1,1,1,1,1,1
789,\N,32640,32959,32576,32895,1,1,1,0,0,0,1,1,1,1,1,1,1,1
790,\N,32704,32959,32832,33087,1,1,1,0,0,0,1,1,1,1,1,1,1,1
791,\N,32704,32959,32832,33087,1,1,1,0,0,0,1,1,1,1,1,1,1,1
792,\N,32704,32959,32832,33087,1,1,1,0,0,0,1,1,1,1,1,1,1,1
793,\N,32704,32959,32832,33087,1,1,1,0,0,0,1,1,1,1,1,1,1,1
794,\N,32704,32959,32832,33087,1,1,1,0,0,0,1,1,1,1,1,1,1,1
795,\N,32704,32959,32832,33087,1,1,1,0,0,0,1,1,1,1,1,1,1,1
796,\N,32704,32959,32832,33087,1,1,1,0,0,0,1,1,1,1,1,1,1,1
797,\N,32704,32959,32832,33087,1,1,1,0,0,0,1,1,1,1,1,1,1,1
798,\N,32704,32959,32832,33087,1,1,1,0,0,0,1,1,1,1,1,1,1,1
799,\N,32704,32959,32832,33087,1,1,1,0,0,0,1,1,1,1,1,1,1,1
800,\N,32704,32895,32832,33023,1,1,1,0,0,0,1,1,1,1,1,1,1,1
997,\N,32704,32767,32768,32831,1,1,1,0,0,0,0,0,0,0,1,1,1,1
998,\N,32704,32767,32768,32831,1,1,1,0,0,0,0,0,0,0,1,1,1,1
1000,シルベリア,32704,32895,32768,32959,1,1,1,0,1,1,1,1,1,1,1,1,1,1
1001,ベヒモス,32704,32895,32768,32959,1,1,1,0,1,1,1,1,1,1,1,1,1,1
1002,隠された竜の地,32576,33087,32512,33023,1,1,1,0,0,0,1,1,0,1,0,0,1,1
1003,\N,32640,32959,32704,32959,1,1,1,0,0,0,1,1,0,1,0,0,1,1
1004,\N,32512,32959,32512,32895,1,1,1,0,0,0,1,1,0,1,0,0,1,1
1005,アンタラスレイド,32512,33023,32576,33023,1,1,1,0,0,0,1,1,0,0,0,0,1,1
1006,アンタラスレイド,32512,33023,32576,33023,1,1,1,0,0,0,1,1,0,0,0,0,1,1
1007,アンタラスレイド,32512,33023,32576,33023,1,1,1,0,0,0,1,1,0,0,0,0,1,1
1008,アンタラスレイド,32512,33023,32576,33023,1,1,1,0,0,0,1,1,0,0,0,0,1,1
1009,アンタラスレイド,32512,33023,32576,33023,1,1,1,0,0,0,1,1,0,0,0,0,1,1
1010,アンタラスレイド,32512,33023,32576,33023,1,1,1,0,0,0,1,1,0,0,0,0,1,1
1011,パプリオンレイド,32640,33151,32448,32959,1,1,1,1,0,0,1,1,0,0,0,0,1,1
1012,パプリオンレイド,32640,33151,32448,32959,1,1,1,1,0,0,1,1,0,0,0,0,1,1
1013,パプリオンレイド,32640,33151,32448,32959,1,1,1,1,0,0,1,1,0,0,0,0,1,1
1014,パプリオンレイド,32640,33151,32448,32959,1,1,1,1,0,0,1,1,0,0,0,0,1,1
1015,パプリオンレイド,32640,33151,32448,32959,1,1,1,1,0,0,1,1,0,0,0,0,1,1
1016,パプリオンレイド,32640,33151,32448,32959,1,1,1,1,0,0,1,1,0,0,0,0,1,1
1017,リンドビオルレイド,32512,33023,32768,33279,1,1,1,0,0,0,1,1,0,0,0,0,1,1
1018,リンドビオルレイド,32512,33023,32768,33279,1,1,1,0,0,0,1,1,0,0,0,0,1,1
1019,リンドビオルレイド,32512,33023,32768,33279,1,1,1,0,0,0,1,1,0,0,0,0,1,1
1020,リンドビオルレイド,32512,33023,32768,33279,1,1,1,0,0,0,1,1,0,0,0,0,1,1
1021,リンドビオルレイド,32512,33023,32768,33279,1,1,1,0,0,0,1,1,0,0,0,0,1,1
1022,リンドビオルレイド,32512,33023,32768,33279,1,1,1,0,0,0,1,1,0,0,0,0,1,1
1234,\N,32704,32831,32768,32895,1,1,1,0,0,0,1,1,1,1,1,1,1,1
1259,\N,32704,32831,32768,32895,1,1,1,0,0,0,1,1,1,1,1,1,1,1
1284,\N,32704,32831,32768,32895,1,1,1,0,0,0,1,1,1,1,1,1,1,1
1309,\N,32704,32831,32768,32895,1,1,1,0,0,0,1,1,1,1,1,1,1,1
1400,\N,32768,32959,32704,32895,1,1,1,0,0,0,1,1,1,1,1,1,1,1
1901,\N,32576,32895,32704,33023,1,1,1,0,0,0,1,1,1,1,1,1,1,1
1902,\N,32576,32895,32704,33023,1,1,1,0,0,0,1,1,1,1,1,1,1,1
1903,\N,32576,32895,32704,33023,1,1,1,0,0,0,1,1,1,1,1,1,1,1
1904,\N,32576,32895,32704,33023,1,1,1,0,0,0,1,1,1,1,1,1,1,1
1905,\N,32576,32895,32704,33023,1,1,1,0,0,0,1,1,1,1,1,1,1,1
1906,\N,32576,32895,32704,33023,1,1,1,0,0,0,1,1,1,1,1,1,1,1
1907,\N,32576,32895,32704,33023,1,1,1,0,0,0,1,1,1,1,1,1,1,1
1908,\N,32576,32895,32704,33023,1,1,1,0,0,0,1,1,1,1,1,1,1,1
1909,\N,32576,32895,32704,33023,1,1,1,0,0,0,1,1,1,1,1,1,1,1
1910,\N,32576,32895,32704,33023,1,1,1,0,0,0,1,1,1,1,1,1,1,1
1911,\N,32576,32895,32832,33023,1,1,1,0,0,0,1,1,1,1,1,1,1,1
1912,\N,32576,32895,32832,33023,1,1,1,0,0,0,1,1,1,1,1,1,1,1
1913,\N,32576,32895,32832,33023,1,1,1,0,0,0,1,1,1,1,1,1,1,1
1914,\N,32576,32895,32832,33023,1,1,1,0,0,0,1,1,1,1,1,1,1,1
1915,\N,32576,32895,32832,33023,1,1,1,0,0,0,1,1,1,1,1,1,1,1
2000,古代の空間1F,32640,32959,32704,33023,1,1,1,0,0,0,1,1,1,1,1,1,1,1
2001,古代の空間2F,32640,32959,32704,33023,1,1,1,0,0,0,1,1,1,1,1,1,1,1
2002,古代の空間3F,32640,32959,32704,33023,1,1,1,0,0,0,1,1,1,1,1,1,1,1
2003,古代の空間4F,32640,32959,32704,33023,1,1,1,0,0,0,1,1,1,1,1,1,1,1
2004,ゴラス,32640,32895,32768,32959,1,1,1,0,0,0,1,1,1,1,1,1,1,1
2005,Northern Valley(Beginners Zone),32512,32895,32704,33087,1,1,1,0,0,1,1,0,0,0,0,0,1,1
2006,Playground of Metis,32704,32895,32768,32959,1,1,1,0,0,0,1,1,0,1,0,0,1,1
2007,思い出のスライム,32512,32703,32640,32895,1,1,1,0,0,0,1,1,1,1,1,1,1,1
2008,\N,32704,32895,32768,32959,1,1,1,0,0,0,1,1,1,1,1,1,1,1
2009,\N,32704,32895,32768,32959,1,1,1,0,0,0,1,1,1,1,1,1,1,1
2010,暴風修練エリア(Beginners Zone),32576,33087,32512,32831,1,1,1,0,0,0,1,1,1,1,1,1,1,1
2011,暴風修練エリア(Beginners Zone),32576,33087,32512,32831,1,1,1,0,0,0,1,1,1,1,1,1,1,1
2100,Crystal Cavern Entrance,32768,32831,32768,32831,1,1,1,0,0,0,1,1,1,1,1,1,1,1
2101,Crystal Cavern,32704,32895,32768,32959,1,1,1,0,0,0,1,1,1,1,1,1,1,1
2151,Crystal Cavern,32704,32895,32768,32959,1,1,1,0,0,0,1,1,1,1,1,1,1,1
2201,神秘の氷水晶洞窟1F,32704,32895,32768,32959,1,1,1,0,0,0,1,1,1,1,1,1,1,1
2202,神秘の氷水晶洞窟2F,32704,32895,32768,32959,1,1,1,0,0,0,1,1,1,1,1,1,1,1
2203,神秘の氷水晶洞窟3F,32704,32895,32768,32959,1,1,1,0,0,0,1,1,1,1,1,1,1,1
2210,ヴァラカスの棲処,32640,32831,32704,32895,1,1,1,0,0,0,1,1,1,1,1,1,1,1
4995,\N,32768,32831,32768,32831,1,1,1,0,0,0,1,1,1,1,1,1,1,1
4996,\N,32768,32831,32768,32831,1,1,1,0,0,0,1,1,1,1,1,1,1,1
4997,\N,32768,32831,32768,32831,1,1,1,0,0,0,1,1,1,1,1,1,1,1
4998,\N,32768,32831,32768,32831,1,1,1,0,0,0,1,1,1,1,1,1,1,1
4999,\N,32768,32831,32768,32831,1,1,1,0,0,0,1,1,1,1,1,1,1,1
5000,\N,32768,32831,32768,32831,1,1,1,0,0,0,1,1,1,1,1,1,1,1
5001,アデン地下アジト1,32704,32831,32704,32831,1,1,1,0,0,0,1,1,1,1,1,1,1,1
5002,アデン地下アジト2,32704,32831,32704,32831,1,1,1,0,0,0,1,1,1,1,1,1,1,1
5003,アデン地下アジト3,32704,32831,32704,32831,1,1,1,0,0,0,1,1,1,1,1,1,1,1
5004,アデン地下アジト4,32704,32831,32704,32831,1,1,1,0,0,0,1,1,1,1,1,1,1,1
5005,アデン地下アジト5,32704,32831,32704,32831,1,1,1,0,0,0,1,1,1,1,1,1,1,1
5006,アデン地下アジト6,32704,32831,32704,32831,1,1,1,0,0,0,1,1,1,1,1,1,1,1
5007,アデン地下アジト7,32704,32831,32704,32831,1,1,1,0,0,0,1,1,1,1,1,1,1,1
5008,アデン地下アジト8,32704,32831,32704,32831,1,1,1,0,0,0,1,1,1,1,1,1,1,1
5009,アデン地下アジト9,32704,32831,32704,32831,1,1,1,0,0,0,1,1,1,1,1,1,1,1
5010,アデン地下アジト10,32704,32831,32704,32831,1,1,1,0,0,0,1,1,1,1,1,1,1,1
5011,アデン地下アジト11,32704,32831,32704,32831,1,1,1,0,0,0,1,1,1,1,1,1,1,1
5012,アデン地下アジト12,32704,32831,32704,32831,1,1,1,0,0,0,1,1,1,1,1,1,1,1
5013,アデン地下アジト13,32704,32831,32704,32831,1,1,1,0,0,0,1,1,1,1,1,1,1,1
5014,アデン地下アジト14,32704,32831,32704,32831,1,1,1,0,0,0,1,1,1,1,1,1,1,1
5015,アデン地下アジト15,32704,32831,32704,32831,1,1,1,0,0,0,1,1,1,1,1,1,1,1
5016,アデン地下アジト16,32704,32831,32704,32831,1,1,1,0,0,0,1,1,1,1,1,1,1,1
5017,アデン地下アジト17,32704,32831,32704,32831,1,1,1,0,0,0,1,1,1,1,1,1,1,1
5018,アデン地下アジト18,32704,32831,32704,32831,1,1,1,0,0,0,1,1,1,1,1,1,1,1
5019,アデン地下アジト19,32704,32831,32704,32831,1,1,1,0,0,0,1,1,1,1,1,1,1,1
5020,アデン地下アジト20,32704,32831,32704,32831,1,1,1,0,0,0,1,1,1,1,1,1,1,1
5021,アデン地下アジト21,32704,32831,32704,32831,1,1,1,0,0,0,1,1,1,1,1,1,1,1
5022,アデン地下アジト22,32704,32831,32704,32831,1,1,1,0,0,0,1,1,1,1,1,1,1,1
5023,アデン地下アジト23,32704,32831,32704,32831,1,1,1,0,0,0,1,1,1,1,1,1,1,1
5024,アデン地下アジト24,32704,32831,32704,32831,1,1,1,0,0,0,1,1,1,1,1,1,1,1
5025,アデン地下アジト25,32704,32831,32704,32831,1,1,1,0,0,0,1,1,1,1,1,1,1,1
5026,アデン地下アジト26,32704,32831,32704,32831,1,1,1,0,0,0,1,1,1,1,1,1,1,1
5027,アデン地下アジト27,32704,32831,32704,32831,1,1,1,0,0,0,1,1,1,1,1,1,1,1
5028,アデン地下アジト28,32704,32831,32704,32831,1,1,1,0,0,0,1,1,1,1,1,1,1,1
5029,アデン地下アジト29,32704,32831,32704,32831,1,1,1,0,0,0,1,1,1,1,1,1,1,1
5030,アデン地下アジト30,32704,32831,32704,32831,1,1,1,0,0,0,1,1,1,1,1,1,1,1
5031,アデン地下アジト31,32704,32831,32704,32831,1,1,1,0,0,0,1,1,1,1,1,1,1,1
5032,アデン地下アジト32,32704,32831,32704,32831,1,1,1,0,0,0,1,1,1,1,1,1,1,1
5033,アデン地下アジト33,32704,32831,32704,32831,1,1,1,0,0,0,1,1,1,1,1,1,1,1
5034,アデン地下アジト34,32704,32831,32704,32831,1,1,1,0,0,0,1,1,1,1,1,1,1,1
5035,アデン地下アジト35,32704,32831,32704,32831,1,1,1,0,0,0,1,1,1,1,1,1,1,1
5036,アデン地下アジト36,32704,32831,32704,32831,1,1,1,0,0,0,1,1,1,1,1,1,1,1
5037,アデン地下アジト37,32704,32831,32704,32831,1,1,1,0,0,0,1,1,1,1,1,1,1,1
5038,アデン地下アジト38,32704,32831,32704,32831,1,1,1,0,0,0,1,1,1,1,1,1,1,1
5039,アデン地下アジト39,32704,32831,32704,32831,1,1,1,0,0,0,1,1,1,1,1,1,1,1
5040,アデン地下アジト40,32704,32831,32704,32831,1,1,1,0,0,0,1,1,1,1,1,1,1,1
5041,アデン地下アジト41,32704,32831,32704,32831,1,1,1,0,0,0,1,1,1,1,1,1,1,1
5042,アデン地下アジト42,32704,32831,32704,32831,1,1,1,0,0,0,1,1,1,1,1,1,1,1
5043,アデン地下アジト43,32704,32831,32704,32831,1,1,1,0,0,0,1,1,1,1,1,1,1,1
5044,アデン地下アジト44,32704,32831,32704,32831,1,1,1,0,0,0,1,1,1,1,1,1,1,1
5045,アデン地下アジト45,32704,32831,32704,32831,1,1,1,0,0,0,1,1,1,1,1,1,1,1
5046,アデン地下アジト46,32704,32831,32704,32831,1,1,1,0,0,0,1,1,1,1,1,1,1,1
5047,アデン地下アジト47,32704,32831,32704,32831,1,1,1,0,0,0,1,1,1,1,1,1,1,1
5048,アデン地下アジト48,32704,32831,32704,32831,1,1,1,0,0,0,1,1,1,1,1,1,1,1
5049,アデン地下アジト49,32704,32831,32704,32831,1,1,1,0,0,0,1,1,1,1,1,1,1,1
5050,アデン地下アジト50,32704,32831,32704,32831,1,1,1,0,0,0,1,1,1,1,1,1,1,1
5051,アデン地下アジト51,32704,32831,32704,32831,1,1,1,0,0,0,1,1,1,1,1,1,1,1
5052,アデン地下アジト52,32704,32831,32704,32831,1,1,1,0,0,0,1,1,1,1,1,1,1,1
5053,アデン地下アジト53,32704,32831,32704,32831,1,1,1,0,0,0,1,1,1,1,1,1,1,1
5054,アデン地下アジト54,32704,32831,32704,32831,1,1,1,0,0,0,1,1,1,1,1,1,1,1
5055,アデン地下アジト55,32704,32831,32704,32831,1,1,1,0,0,0,1,1,1,1,1,1,1,1
5056,アデン地下アジト56,32704,32831,32704,32831,1,1,1,0,0,0,1,1,1,1,1,1,1,1
5057,アデン地下アジト57,32704,32831,32704,32831,1,1,1,0,0,0,1,1,1,1,1,1,1,1
5058,アデン地下アジト58,32704,32831,32704,32831,1,1,1,0,0,0,1,1,1,1,1,1,1,1
5059,アデン地下アジト59,32704,32831,32704,32831,1,1,1,0,0,0,1,1,1,1,1,1,1,1
5060,アデン地下アジト60,32704,32831,32704,32831,1,1,1,0,0,0,1,1,1,1,1,1,1,1
5061,アデン地下アジト61,32704,32831,32704,32831,1,1,1,0,0,0,1,1,1,1,1,1,1,1
5062,アデン地下アジト62,32704,32831,32704,32831,1,1,1,0,0,0,1,1,1,1,1,1,1,1
5063,アデン地下アジト63,32704,32831,32704,32831,1,1,1,0,0,0,1,1,1,1,1,1,1,1
5064,アデン地下アジト64,32704,32831,32704,32831,1,1,1,0,0,0,1,1,1,1,1,1,1,1
5065,アデン地下アジト65,32704,32831,32704,32831,1,1,1,0,0,0,1,1,1,1,1,1,1,1
5066,アデン地下アジト66,32704,32831,32704,32831,1,1,1,0,0,0,1,1,1,1,1,1,1,1
5067,アデン地下アジト67,32704,32831,32704,32831,1,1,1,0,0,0,1,1,1,1,1,1,1,1
5068,ギラン地下アジト1,32704,32831,32768,32895,1,1,1,0,0,0,1,1,1,1,1,1,1,1
5069,ギラン地下アジト2,32704,32831,32768,32895,1,1,1,0,0,0,1,1,1,1,1,1,1,1
5070,ギラン地下アジト3,32704,32831,32768,32895,1,1,1,0,0,0,1,1,1,1,1,1,1,1
5071,ギラン地下アジト4,32704,32831,32768,32895,1,1,1,0,0,0,1,1,1,1,1,1,1,1
5072,ギラン地下アジト5,32704,32831,32768,32895,1,1,1,0,0,0,1,1,1,1,1,1,1,1
5073,ギラン地下アジト6,32704,32831,32768,32895,1,1,1,0,0,0,1,1,1,1,1,1,1,1
5074,ギラン地下アジト7,32704,32831,32768,32895,1,1,1,0,0,0,1,1,1,1,1,1,1,1
5075,ギラン地下アジト8,32704,32831,32768,32895,1,1,1,0,0,0,1,1,1,1,1,1,1,1
5076,ギラン地下アジト9,32704,32831,32768,32895,1,1,1,0,0,0,1,1,1,1,1,1,1,1
5077,ギラン地下アジト10,32704,32831,32768,32895,1,1,1,0,0,0,1,1,1,1,1,1,1,1
5078,ギラン地下アジト11,32704,32831,32768,32895,1,1,1,0,0,0,1,1,1,1,1,1,1,1
5079,ギラン地下アジト12,32704,32831,32768,32895,1,1,1,0,0,0,1,1,1,1,1,1,1,1
5080,ギラン地下アジト13,32704,32831,32768,32895,1,1,1,0,0,0,1,1,1,1,1,1,1,1
5081,ギラン地下アジト14,32704,32831,32768,32895,1,1,1,0,0,0,1,1,1,1,1,1,1,1
5082,ギラン地下アジト15,32704,32831,32768,32895,1,1,1,0,0,0,1,1,1,1,1,1,1,1
5083,ギラン地下アジト16,32704,32831,32768,32895,1,1,1,0,0,0,1,1,1,1,1,1,1,1
5084,ギラン地下アジト17,32704,32831,32768,32895,1,1,1,0,0,0,1,1,1,1,1,1,1,1
5085,ギラン地下アジト18,32704,32831,32768,32895,1,1,1,0,0,0,1,1,1,1,1,1,1,1
5086,ギラン地下アジト19,32704,32831,32768,32895,1,1,1,0,0,0,1,1,1,1,1,1,1,1
5087,ギラン地下アジト20,32704,32831,32768,32895,1,1,1,0,0,0,1,1,1,1,1,1,1,1
5088,ギラン地下アジト21,32704,32831,32768,32895,1,1,1,0,0,0,1,1,1,1,1,1,1,1
5089,ギラン地下アジト22,32704,32831,32768,32895,1,1,1,0,0,0,1,1,1,1,1,1,1,1
5090,ギラン地下アジト23,32704,32831,32768,32895,1,1,1,0,0,0,1,1,1,1,1,1,1,1
5091,ギラン地下アジト24,32704,32831,32768,32895,1,1,1,0,0,0,1,1,1,1,1,1,1,1
5092,ギラン地下アジト25,32704,32831,32768,32895,1,1,1,0,0,0,1,1,1,1,1,1,1,1
5093,ギラン地下アジト26,32704,32831,32768,32895,1,1,1,0,0,0,1,1,1,1,1,1,1,1
5094,ギラン地下アジト27,32704,32831,32768,32895,1,1,1,0,0,0,1,1,1,1,1,1,1,1
5095,ギラン地下アジト28,32704,32831,32768,32895,1,1,1,0,0,0,1,1,1,1,1,1,1,1
5096,ギラン地下アジト29,32704,32831,32768,32895,1,1,1,0,0,0,1,1,1,1,1,1,1,1
5097,ギラン地下アジト30,32704,32831,32768,32895,1,1,1,0,0,0,1,1,1,1,1,1,1,1
5098,ギラン地下アジト31,32704,32831,32768,32895,1,1,1,0,0,0,1,1,1,1,1,1,1,1
5099,ギラン地下アジト32,32704,32831,32768,32895,1,1,1,0,0,0,1,1,1,1,1,1,1,1
5100,ギラン地下アジト33,32704,32831,32768,32895,1,1,1,0,0,0,1,1,1,1,1,1,1,1
5101,ギラン地下アジト34,32704,32831,32768,32895,1,1,1,0,0,0,1,1,1,1,1,1,1,1
5102,ギラン地下アジト35,32704,32831,32768,32895,1,1,1,0,0,0,1,1,1,1,1,1,1,1
5103,ギラン地下アジト36,32704,32831,32768,32895,1,1,1,0,0,0,1,1,1,1,1,1,1,1
5104,ギラン地下アジト37,32704,32831,32768,32895,1,1,1,0,0,0,1,1,1,1,1,1,1,1
5105,ギラン地下アジト38,32704,32831,32768,32895,1,1,1,0,0,0,1,1,1,1,1,1,1,1
5106,ギラン地下アジト39,32704,32831,32768,32895,1,1,1,0,0,0,1,1,1,1,1,1,1,1
5107,ギラン地下アジト40,32704,32831,32768,32895,1,1,1,0,0,0,1,1,1,1,1,1,1,1
5108,ギラン地下アジト41,32704,32831,32768,32895,1,1,1,0,0,0,1,1,1,1,1,1,1,1
5109,ギラン地下アジト42,32704,32831,32768,32895,1,1,1,0,0,0,1,1,1,1,1,1,1,1
5110,ギラン地下アジト43,32704,32831,32768,32895,1,1,1,0,0,0,1,1,1,1,1,1,1,1
5111,ギラン地下アジト44,32704,32831,32768,32895,1,1,1,0,0,0,1,1,1,1,1,1,1,1
5112,ギラン地下アジト45,32704,32831,32768,32895,1,1,1,0,0,0,1,1,1,1,1,1,1,1
5113,ハイネ地下アジト1,32704,32831,32768,32895,1,1,1,0,0,0,1,1,1,1,1,1,1,1
5114,ハイネ地下アジト2,32704,32831,32768,32895,1,1,1,0,0,0,1,1,1,1,1,1,1,1
5115,ハイネ地下アジト3,32704,32831,32768,32895,1,1,1,0,0,0,1,1,1,1,1,1,1,1
5116,ハイネ地下アジト4,32704,32831,32768,32895,1,1,1,0,0,0,1,1,1,1,1,1,1,1
5117,ハイネ地下アジト5,32704,32831,32768,32895,1,1,1,0,0,0,1,1,1,1,1,1,1,1
5118,ハイネ地下アジト6,32704,32831,32768,32895,1,1,1,0,0,0,1,1,1,1,1,1,1,1
5119,ハイネ地下アジト7,32704,32831,32768,32895,1,1,1,0,0,0,1,1,1,1,1,1,1,1
5120,ハイネ地下アジト8,32704,32831,32768,32895,1,1,1,0,0,0,1,1,1,1,1,1,1,1
5121,ハイネ地下アジト9,32704,32831,32768,32895,1,1,1,0,0,0,1,1,1,1,1,1,1,1
5122,ハイネ地下アジト10,32704,32831,32768,32895,1,1,1,0,0,0,1,1,1,1,1,1,1,1
5123,ハイネ地下アジト11,32704,32831,32768,32895,1,1,1,0,0,0,1,1,1,1,1,1,1,1
5124,釣り場,32704,32895,32704,32895,1,1,1,0,0,0,0,1,0,1,1,1,1,1
5125,ペットマッチ場,32768,32895,32768,32895,1,1,1,0,0,0,1,1,1,1,1,1,0,0
5126,ペットマッチ場,32768,32831,32832,32895,1,1,1,0,0,0,1,1,1,1,1,1,1,1
5127,ペットマッチ場,32768,32831,32832,32895,1,1,1,0,0,0,1,1,1,1,1,1,1,1
5128,ペットマッチ場,32768,32831,32832,32895,1,1,1,0,0,0,1,1,1,1,1,1,1,1
5129,ペットマッチ場,32768,32831,32832,32895,1,1,1,0,0,0,1,1,1,1,1,1,1,1
5130,ペットマッチ場,32768,32831,32832,32895,1,1,1,0,0,0,1,1,1,1,1,1,1,1
5131,ペットマッチ場,32768,32831,32832,32895,1,1,1,0,0,0,1,1,1,1,1,1,0,0
5132,ペットマッチ場,32768,32831,32832,32895,1,1,1,0,0,0,1,1,1,1,1,1,0,0
5133,ペットマッチ場,32768,32831,32832,32895,1,1,1,0,0,0,1,1,1,1,1,1,0,0
5134,ペットマッチ場,32768,32831,32832,32895,1,1,1,0,0,0,1,1,1,1,1,1,0,0
5140,おばけ屋敷,32640,32959,32704,32959,1,1,1,0,0,0,1,1,1,1,1,1,0,0
5141,おばけ屋敷,32640,32959,32704,32959,1,1,1,0,0,0,1,1,1,1,1,1,0,0
5142,おばけ屋敷,32640,32959,32704,32959,1,1,1,0,0,0,1,1,1,1,1,1,0,0
5143,ペットレース,32704,32831,32768,32895,1,1,1,0,0,0,0,0,0,0,0,0,0,0
5144,ペットレース,32704,32831,32768,32895,1,1,1,0,0,0,1,1,0,1,0,0,1,1
5145,ペットレース,32704,32831,32768,32895,1,1,1,0,0,0,1,1,0,1,0,0,1,1
5153,\N,32576,32703,32832,32959,1,1,1,0,0,0,0,0,0,0,0,0,1,1
5154,\N,32576,32703,32832,32959,1,1,1,0,0,0,1,1,1,1,1,1,1,1
5155,\N,32576,32703,32832,32959,1,1,1,0,0,0,1,1,1,1,1,1,1,1
5156,\N,32576,32703,32832,32959,1,1,1,0,0,0,1,1,1,1,1,1,1,1
5166,Place of Recollection,32704,32831,32768,32895,1,1,1,0,0,1,1,1,1,1,1,1,1,1
5167,DevilKing\'s Field,32512,32767,32704,32959,1,1,1,0,0,1,1,1,1,1,1,1,1,1
5168,DevilKing\'s Field,32512,32767,32704,32959,1,1,1,0,0,0,1,1,1,1,1,1,1,1
5169,DevilKing\'s Field,32512,32767,32704,32959,1,1,1,0,0,0,1,1,1,1,1,1,1,1
5170,DevilKing\'s Field,32512,32767,32704,32959,1,1,1,0,0,0,1,1,1,1,1,1,1,1
5171,DevilKing\'s Field,32512,32767,32704,32959,1,1,1,0,0,0,1,1,1,1,1,1,1,1
5172,DevilKing\'s Field,32512,32767,32704,32959,1,1,1,0,0,0,1,1,1,1,1,1,1,1
5173,DevilKing\'s Field,32512,32767,32704,32959,1,1,1,0,0,0,1,1,1,1,1,1,1,1
5174,DevilKing\'s Field,32512,32767,32704,32959,1,1,1,0,0,0,1,1,1,1,1,1,1,1
5175,DevilKing\'s Field,32512,32767,32704,32959,1,1,1,0,0,0,1,1,1,1,1,1,1,1
5176,DevilKing\'s Field,32512,32767,32704,32959,1,1,1,0,0,0,1,1,1,1,1,1,1,1
5177,DevilKing\'s Field,32512,32767,32704,32959,1,1,1,0,0,0,1,1,1,1,1,1,1,1
5178,DevilKing\'s Field,32512,32767,32704,32959,1,1,1,0,0,0,1,1,1,1,1,1,1,1
5179,DevilKing\'s Field,32512,32767,32704,32959,1,1,1,0,0,0,1,1,1,1,1,1,1,1
5180,DevilKing\'s Field,32512,32767,32704,32959,1,1,1,0,0,0,1,1,1,1,1,1,1,1
5181,DevilKing\'s Field,32512,32767,32704,32959,1,1,1,0,0,0,1,1,1,1,1,1,1,1
5182,DevilKing\'s Field,32512,32767,32704,32959,1,1,1,0,0,0,1,1,1,1,1,1,1,1
5183,DevilKing\'s Field,32512,32767,32704,32959,1,1,1,0,0,0,1,1,1,1,1,1,1,1
5184,DevilKing\'s Field,32512,32767,32704,32959,1,1,1,0,0,0,1,1,1,1,1,1,1,1
5185,DevilKing\'s Field,32512,32767,32704,32959,1,1,1,0,0,0,1,1,1,1,1,1,1,1
5186,DevilKing\'s Field,32512,32767,32704,32959,1,1,1,0,0,0,1,1,1,1,1,1,1,1
5187,DevilKing\'s Field,32512,32767,32704,32959,1,1,1,0,0,0,1,1,1,1,1,1,1,1
5188,DevilKing\'s Field,32512,32767,32704,32959,1,1,1,0,0,0,1,1,1,1,1,1,1,1
5189,DevilKing\'s Field,32512,32767,32704,32959,1,1,1,0,0,0,1,1,1,1,1,1,1,1
5190,DevilKing\'s Field,32512,32767,32704,32959,1,1,1,0,0,0,1,1,1,1,1,1,1,1
5191,象牙の塔地下倉庫,32704,32895,32768,32959,1,1,1,0,0,0,1,1,1,1,1,1,1,1
5192,象牙の塔地下倉庫,32704,32895,32768,32959,1,1,1,0,0,0,1,1,1,1,1,1,1,1
5193,象牙の塔地下倉庫,32704,32895,32768,32959,1,1,1,0,0,0,1,1,1,1,1,1,1,1
5194,象牙の塔地下倉庫,32704,32895,32768,32959,1,1,1,0,0,0,1,1,1,1,1,1,1,1
5195,象牙の塔地下倉庫,32704,32895,32768,32959,1,1,1,0,0,0,1,1,1,1,1,1,1,1
5196,象牙の塔地下倉庫,32704,32895,32768,32959,1,1,1,0,0,0,1,1,1,1,1,1,1,1
5197,象牙の塔地下倉庫,32704,32895,32768,32959,1,1,1,0,0,0,1,1,1,1,1,1,1,1
5198,象牙の塔地下倉庫,32704,32895,32768,32959,1,1,1,0,0,0,1,1,1,1,1,1,1,1
5199,象牙の塔地下倉庫,32704,32895,32768,32959,1,1,1,0,0,0,1,1,1,1,1,1,1,1
5200,\N,32704,32895,32768,32959,1,1,1,0,0,0,1,1,0,1,0,0,1,1
5300,\N,32640,32895,32704,32959,1,1,1,0,0,1,1,0,0,1,0,0,1,1
5301,\N,32640,32895,32704,32959,1,1,1,0,0,1,1,0,0,1,0,0,1,1
5302,\N,32640,32895,32704,32959,1,1,1,0,0,1,0,0,0,1,0,0,1,1
5303,dungeon of crack low,32704,32895,32768,32959,1,1,1,0,0,0,1,1,0,1,0,0,1,1
5384,dungeon of crack middle,32704,32895,32640,32831,1,1,1,0,0,0,1,1,0,1,0,0,1,1
5435,dungeon of crack high,32704,32959,32704,32959,1,1,1,0,0,0,1,1,0,1,0,0,1,1
5501,ハロウィンイベント,32704,32959,32832,33087,1,1,1,0,0,0,1,1,0,1,0,0,1,1
5551,ハルパス教の集会場,32704,32959,32832,33087,1,1,1,0,0,0,1,1,1,1,1,1,1,1
5554,ヤヒの結婚式場,32640,32895,32704,32959,1,1,1,0,0,0,1,1,1,1,1,1,1,1
6041,\N,32768,32895,32768,32895,1,1,1,0,0,1,1,1,1,1,1,1,1,1
6201,バレンタインデーパーティー場,32768,33151,32768,33151,1,1,1,0,0,0,1,1,1,1,1,1,1,1
6202,バレンタインデーパーティー場,32768,33151,32768,33151,1,1,1,0,0,0,1,1,1,1,1,1,1,1
6203,バレンタインデーパーティー場,32768,33151,32768,33151,1,1,1,0,0,0,1,1,1,1,1,1,1,1
7000,\N,32640,32959,32576,32895,1,1,1,0,0,1,1,1,1,1,1,1,1,1
7001,Submarine Volcano,32640,32831,32704,32895,1,1,1,0,0,1,1,1,1,1,1,1,1,1
7002,Sanctuary of Farthest (1),32512,32767,32512,32767,1,1,1,0,0,1,1,1,1,1,1,1,1,1
7003,Sanctuary of Farthest (2),32512,32767,32512,32767,1,1,1,0,0,1,1,1,1,1,1,1,1,1
7004,Sanctuary of Farthest (3),32512,32767,32512,32767,1,1,1,0,0,1,1,1,1,1,1,1,1,1
7005,Sanctuary of Farthest (4),32512,32767,32512,32767,1,1,1,0,0,1,1,1,1,1,1,1,1,1
7006,Sanctuary of Farthest (5),32512,32767,32512,32767,1,1,1,0,0,1,1,1,1,1,1,1,1,1
7007,Wasteland of Farthest (1),32704,32895,32768,32959,1,1,1,0,0,1,1,1,1,1,1,1,1,1
7008,Wasteland of Farthest (2),32704,32895,32768,32959,1,1,1,0,0,1,1,1,1,1,1,1,1,1
7009,Wasteland of Farthest (3),32704,32895,32768,32959,1,1,1,0,0,1,1,1,1,1,1,1,1,1
7010,Wasteland of Farthest (4),32704,32895,32768,32959,1,1,1,0,0,1,1,1,1,1,1,1,1,1
7011,Wasteland of Farthest (5),32704,32895,32768,32959,1,1,1,0,0,1,1,1,1,1,1,1,1,1
7012,Floating Island of Farthest,32704,32831,32768,32895,1,1,1,0,0,1,1,1,1,1,1,1,1,1
7013,Ice Country2,32640,32959,32576,32895,1,1,1,0,0,1,1,1,1,1,1,1,1,1
7014,Ice Country3,32640,32959,32576,32895,1,1,1,0,0,1,1,1,1,1,1,1,1,1
7015,Fire Country2,32512,32831,32704,33023,1,1,1,0,0,1,1,1,1,1,1,1,1,1
7016,Fire Country3,32512,32831,32704,33023,1,1,1,0,0,1,1,1,1,1,1,1,1,1
7017,Ice Country Central2,32704,32831,32832,32959,1,1,1,0,0,1,1,1,1,1,1,1,1,1
7018,Ice Country Central3,32704,32831,32832,32959,1,1,1,0,0,1,1,1,1,1,1,1,1,1
7051,Concealed Fairy Village,32640,32959,32576,32895,1,1,1,0,0,1,1,1,1,1,1,1,1,1
7052,Concealed Fairy Forest(2),32640,32959,32576,32895,1,1,1,0,0,1,1,1,1,1,1,1,1,1
7053,Concealed Fairy Forest(3),32640,32959,32576,32895,1,1,1,0,0,1,1,1,1,1,1,1,1,1
7054,Concealed Fairy Forest(4),32640,32959,32576,32895,1,1,1,0,0,1,1,1,1,1,1,1,1,1
7055,Depth of Forest,32640,32959,32576,32895,1,1,1,0,0,1,1,1,1,1,1,1,1,1
7056,Unidentified Dimension,32576,32895,32704,33023,1,1,1,0,0,0,1,1,1,1,1,1,1,1
7057,Summer Resort,32704,32831,32768,32959,1,1,1,0,0,1,1,1,1,1,1,1,1,1
7058,Island of black goat(1),32576,33023,32640,33087,1,1,1,0,0,0,0,1,1,1,1,1,1,1
7059,Island of black goat(2),32576,33023,32640,33087,1,1,1,0,0,0,0,1,1,1,1,1,1,1
7060,\N,32576,33023,32512,32959,1,1,1,0,0,1,1,1,0,1,0,0,1,1
7061,\N,32576,33023,32512,32959,1,1,1,0,0,1,1,1,0,1,0,0,1,1
7062,\N,32576,33023,32512,32959,1,1,1,0,0,1,1,1,0,1,0,0,1,1
7063,\N,32576,33023,32512,32959,1,1,1,0,0,1,1,1,0,1,0,0,1,1
7064,\N,32576,33023,32512,32959,1,1,1,0,0,1,1,1,0,1,0,0,1,1
7065,\N,32576,33023,32512,32959,1,1,1,0,0,1,1,1,0,1,0,0,1,1
7066,\N,32576,33023,32512,32959,1,1,1,0,0,1,1,1,0,1,0,0,1,1
7067,\N,32576,33023,32512,32959,1,1,1,0,0,1,1,1,0,1,0,0,1,1
7068,\N,32576,33023,32512,32959,1,1,1,0,0,1,1,1,0,1,0,0,1,1
7069,\N,32576,33023,32512,32959,1,1,1,0,0,1,1,1,0,1,0,0,1,1
7070,\N,32576,33023,32512,32959,1,1,1,0,0,1,1,1,0,1,0,0,1,1
7071,\N,32576,33023,32512,32959,1,1,1,0,0,1,1,1,0,1,0,0,1,1
7072,\N,32576,33023,32512,32959,1,1,1,0,0,1,1,1,0,1,0,0,1,1
7073,\N,32576,33023,32512,32959,1,1,1,0,0,1,1,1,0,1,0,0,1,1
7074,\N,32576,33023,32512,32959,1,1,1,0,0,1,1,1,0,1,0,0,1,1
7075,\N,32576,33023,32512,32959,1,1,1,0,0,1,1,1,0,1,0,0,1,1
7076,\N,32576,33023,32512,32959,1,1,1,0,0,1,1,1,0,1,0,0,1,1
7077,\N,32576,33023,32512,32959,1,1,1,0,0,1,1,1,0,1,0,0,1,1
7078,\N,32576,33023,32512,32959,1,1,1,0,0,1,1,1,0,1,0,0,1,1
7079,\N,32576,33023,32512,32959,1,1,1,0,0,1,1,1,0,1,0,0,1,1
7080,\N,32576,33023,32512,32959,1,1,1,0,0,1,1,1,0,1,0,0,1,1
7100,ハロウィンイベント,32704,32959,32832,33087,1,1,1,0,0,1,1,1,0,1,0,0,1,1
7101,ハロウィンイベント,32704,32959,32832,33087,1,1,1,0,0,1,1,1,1,1,1,1,1,1
7102,ハロウィンイベント,32704,32959,32832,33087,1,1,1,0,0,1,1,1,1,1,1,1,1,1
7103,ハロウィンイベント,32704,32959,32832,33087,1,1,1,0,0,1,1,1,1,1,1,1,1,1
7104,ハロウィンイベント,32704,32959,32832,33087,1,1,1,0,0,1,1,1,1,1,1,1,1,1
7105,ハロウィンイベント,32704,32959,32832,33087,1,1,1,0,0,1,1,1,1,1,1,1,1,1
7106,ハロウィンイベント,32704,32959,32832,33087,1,1,1,0,0,1,1,1,1,1,1,1,1,1
7107,ハロウィンイベント,32704,32959,32832,33087,1,1,1,0,0,1,1,1,1,1,1,1,1,1
7108,ハロウィンイベント,32704,32959,32832,33087,1,1,1,0,0,1,1,1,1,1,1,1,1,1
7109,ハロウィンイベント,32704,32959,32832,33087,1,1,1,0,0,1,1,1,1,1,1,1,1,1
7701,\N,32576,33023,32640,33087,1,1,1,0,0,0,1,1,1,1,1,1,1,1
7702,\N,32576,33023,32640,33087,1,1,1,0,0,0,1,1,1,1,1,1,1,1
7703,\N,32576,33023,32640,33087,1,1,1,0,0,0,1,1,1,1,1,1,1,1
7704,\N,32576,33023,32640,33087,1,1,1,0,0,0,1,1,1,1,1,1,1,1
7705,\N,32576,33023,32640,33087,1,1,1,0,0,0,1,1,1,1,1,1,1,1
7706,\N,32576,33023,32640,33087,1,1,1,0,0,0,1,1,1,1,1,1,1,1
7707,\N,32576,33023,32640,33087,1,1,1,0,0,0,1,1,1,1,1,1,1,1
7708,\N,32576,33023,32640,33087,1,1,1,0,0,0,1,1,1,1,1,1,1,1
7709,\N,32576,33023,32640,33087,1,1,1,0,0,0,1,1,1,1,1,1,1,1
7710,\N,32576,33023,32640,33087,1,1,1,0,0,0,1,1,1,1,1,1,1,1
7771,\N,32448,32831,32832,33151,1,1,1,0,0,0,1,1,1,1,1,1,1,1
7772,\N,32448,32831,32832,33151,1,1,1,0,0,0,1,1,1,1,1,1,1,1
7773,\N,32448,32831,32832,33151,1,1,1,0,0,0,1,1,1,1,1,1,1,1
7774,\N,32448,32831,32832,33151,1,1,1,0,0,0,1,1,1,1,1,1,1,1
7775,\N,32448,32831,32832,33151,1,1,1,0,0,0,1,1,1,1,1,1,1,1
7776,\N,32448,32831,32832,33151,1,1,1,0,0,0,1,1,1,1,1,1,1,1
7777,\N,32448,32831,32832,33151,1,1,1,0,0,0,1,1,1,1,1,1,1,1
7778,\N,32448,32831,32832,33151,1,1,1,0,0,0,1,1,1,1,1,1,1,1
7779,\N,32448,32831,32832,33151,1,1,1,0,0,0,1,1,1,1,1,1,1,1
7780,\N,32448,32831,32832,33151,1,1,1,0,0,0,1,1,1,1,1,1,1,1
7781,Air Temple of Fairies,32576,32959,32576,32959,1,1,1,0,0,0,1,1,1,1,1,1,1,1
7782,Air Temple of Fairies,32576,32959,32576,32959,1,1,1,0,0,0,1,1,1,1,1,1,1,1
7783,\N,32576,32959,32576,32959,1,1,1,0,0,0,1,1,1,1,1,1,1,1
8000,日ノ本:惣構え,32768,32959,32704,32959,1,1,1,0,0,0,1,1,1,1,1,1,1,1
8001,日ノ本:二の丸(西の丸),32896,33087,32704,32959,1,1,1,0,0,0,1,1,1,1,1,1,1,1
8002,日ノ本:二の丸(東の丸),32896,33087,32704,32959,1,1,1,0,0,0,1,1,1,1,1,1,1,1
8003,日ノ本:二の丸(北の丸),32896,33087,32704,32959,1,1,1,0,0,0,1,1,1,1,1,1,1,1
8006,\N,32768,32831,32768,32831,1,1,1,0,0,0,1,1,1,1,1,1,1,1
8011,歌う島,32768,32895,32768,32895,1,1,1,0,0,0,1,1,0,1,0,0,1,1
8012,歌う島:西部,32704,32895,32704,32895,1,1,1,0,0,0,1,1,0,1,0,0,1,1
8013,ドロモンドの部屋,32704,32767,32768,32831,1,1,1,0,0,0,1,1,0,1,0,0,1,1
8014,訓練場,32704,32767,32704,32831,1,1,1,0,0,0,1,1,0,1,0,0,1,1
8015,歌う島:北部,32704,32831,32704,32831,1,1,1,0,0,0,1,1,0,1,0,0,1,1
8016,\N,32640,32959,32576,33023,1,1,1,0,0,0,1,1,1,1,1,1,1,1
8017,\N,32640,32959,32576,33023,1,1,1,0,0,0,1,1,1,1,1,1,1,1
8018,\N,32640,32959,32576,33023,1,1,1,0,0,0,1,1,1,1,1,1,1,1
8019,\N,32640,32959,32576,33023,1,1,1,0,0,0,1,1,1,1,1,1,1,1
8020,\N,32640,32959,32576,33023,1,1,1,0,0,0,1,1,1,1,1,1,1,1
8021,\N,32640,32959,32576,33023,1,1,1,0,0,0,1,1,1,1,1,1,1,1
8022,\N,32640,32959,32576,33023,1,1,1,0,0,0,1,1,1,1,1,1,1,1
8023,\N,32640,32959,32576,33023,1,1,1,0,0,0,1,1,1,1,1,1,1,1
8024,\N,32640,32959,32576,33023,1,1,1,0,0,0,1,1,1,1,1,1,1,1
8025,\N,32640,32959,32576,33023,1,1,1,0,0,0,1,1,1,1,1,1,1,1
8030,\N,32704,32959,32640,32895,1,1,1,0,0,0,1,1,1,1,1,1,1,1
8031,\N,32704,32831,32768,32895,1,1,1,0,0,0,1,1,1,1,1,1,1,1
8032,\N,32704,32895,32704,32895,1,1,1,0,0,0,1,1,1,1,1,1,1,1
8033,\N,32704,32831,32768,32895,1,1,1,0,0,0,1,1,1,1,1,1,1,1
8034,\N,32640,32831,32768,32895,1,1,1,0,0,0,1,1,1,1,1,1,1,1
8035,\N,32704,32895,32704,32895,1,1,1,0,0,0,1,1,1,1,1,1,1,1
8036,\N,32704,32895,32768,32895,1,1,1,0,0,0,1,1,1,1,1,1,1,1
8037,\N,32640,32895,32768,32895,1,1,1,0,0,0,1,1,1,1,1,1,1,1
8038,\N,32640,32895,32768,32895,1,1,1,0,0,0,1,1,1,1,1,1,1,1
8039,\N,32768,32895,32768,32959,1,1,1,0,0,0,1,1,1,1,1,1,1,1
8104,\N,33024,33215,32640,32831,1,1,1,0,0,1,1,1,1,1,1,1,1,1
8105,\N,33024,33215,32640,32831,1,1,1,0,0,1,1,1,1,1,1,1,1,1
8106,\N,33024,33215,32640,32831,1,1,1,0,0,1,1,1,1,1,1,1,1,1
8116,\N,32576,32639,32704,32831,1,1,1,0,0,1,1,1,1,1,1,1,1,1
8117,\N,32576,32639,32704,32831,1,1,1,0,0,1,1,1,1,1,1,1,1,1
8118,\N,32576,32639,32704,32831,1,1,1,0,0,1,1,1,1,1,1,1,1,1
9000,過去の秘密研究室,32576,32895,32640,33023,1,1,1,0,0,0,0,0,0,1,0,0,1,1
9100,象牙の塔秘密研究室(ハーディン),32704,32767,32832,32895,1,1,1,0,0,1,1,1,1,1,1,1,1,1
9101,\N,32640,32831,32768,32895,1,1,1,0,0,0,1,1,0,1,0,0,1,1
9202,象牙の塔秘密研究室(オリム),32704,32767,32832,32895,1,1,1,0,0,0,1,1,0,1,0,0,1,1
16384,宿屋,32704,32767,32768,32831,1,1,1,0,0,0,1,1,0,1,0,0,1,1
16896,宿屋,32704,32767,32768,32831,1,1,1,0,0,0,1,1,0,1,1,0,1,1
17408,宿屋,32704,32767,32768,32831,1,1,1,0,0,0,1,1,0,1,0,0,1,1
17920,宿屋,32704,32767,32768,32831,1,1,1,0,0,0,0,0,0,1,0,0,1,1
18432,宿屋,32704,32767,32768,32831,1,1,1,0,0,0,1,1,0,1,0,0,1,1
18944,宿屋,32704,32767,32768,32831,1,1,1,0,0,0,1,1,0,1,0,0,1,1
19456,宿屋,32704,32767,32768,32831,1,1,1,0,0,0,1,1,0,1,0,0,1,1
19968,宿屋,32704,32767,32768,32831,1,1,1,0,0,0,1,1,0,1,0,0,1,1
20480,宿屋,32704,32767,32768,32831,1,1,1,0,0,0,1,1,0,1,0,0,1,1
20992,宿屋,32704,32767,32768,32831,1,1,1,0,0,0,1,1,0,1,0,0,1,1
21504,宿屋,32704,32767,32768,32831,1,1,1,0,0,0,1,1,0,1,0,0,1,1
22016,宿屋,32704,32767,32768,32831,1,1,1,0,0,0,1,1,0,1,0,0,1,1
22528,宿屋,32704,32767,32768,32831,1,1,1,0,0,0,1,1,0,1,0,0,1,1
23040,宿屋,32704,32767,32768,32831,1,1,1,0,0,0,1,1,0,1,0,0,1,1
23552,宿屋,32704,32767,32768,32831,1,1,1,0,0,0,1,1,0,1,0,0,1,1
24064,宿屋,32704,32767,32768,32831,1,1,1,0,0,0,1,1,0,1,0,0,1,1
24576,宿屋,32704,32767,32768,32831,1,1,1,0,0,0,1,1,0,1,0,0,1,1
25088,宿屋,32704,32767,32768,32831,1,1,1,0,0,0,1,1,0,1,0,0,1,1