id,name,unidentified_name_id,identified_name_id,type,is_twohanded,material,weight,inv_gfx_id,grd_gfx_id,item_desc_id,dmg_small,dmg_large,range,safe_enchant,use_royal,use_knight,use_wizard,use_elf,use_darkelf,use_dragonknight,use_illusionist,hit_modifier,dmg_modifier,str,con,dex,int,wis,cha,hp,mp,hpr,mpr,sp,mr,is_haste,double_dmg_chance,weakness_exposure,magic_dmg_modifier,can_be_dmg,min_level,max_level,bless,tradable,deletable,charge_time,expiration_time
1,歐西斯匕首,$13,$13,dagger,0,iron,10000,34,68,0,2,3,1,6,1,1,1,1,1,0,0,2,0,0,0,0,0,0,0,0,0,0,0,0,0,0,0,0,0,1,0,0,0,1,1,0,\N
2,骰子匕首,$416,$416,dagger,0,iron,10000,144,354,142,1,3,1,6,1,1,1,1,1,0,0,-1,0,0,0,0,0,0,0,0,0,0,0,0,0,0,0,0,0,1,0,0,0,1,1,0,\N
3,短劍的劍身,$785,$785,sword,0,mithril,20000,322,68,0,2,2,1,6,1,1,1,1,1,1,0,0,0,0,0,0,0,0,0,0,0,0,0,0,0,0,0,0,0,1,0,0,0,1,1,0,\N
4,匕首,$70,$70,dagger,0,iron,10000,35,68,0,4,2,1,6,1,1,1,1,1,0,0,2,0,0,0,0,0,0,0,0,0,0,0,0,0,0,0,0,0,1,0,0,0,1,1,0,\N
5,精靈匕首,$12,$12,dagger,0,mithril,10000,33,68,0,4,3,1,6,1,1,1,1,1,0,0,2,0,0,0,0,0,0,0,0,0,0,0,0,0,0,0,0,0,1,0,0,0,1,1,0,\N
6,拉斯塔巴德短劍,$2905,$2905,dagger,0,iron,20000,1332,3433,1078,4,3,1,6,1,1,1,1,1,0,0,2,0,0,0,0,0,0,0,0,0,0,0,0,0,0,0,0,0,1,0,0,0,1,1,0,\N
7,象牙塔短劍,$3288,$3288,dagger,0,iron,20000,34,68,1329,5,5,1,6,1,1,1,1,1,0,0,2,0,0,0,0,0,0,0,0,0,0,0,0,0,0,0,0,0,1,0,0,0,0,1,0,\N
8,米索莉短劍,$3248,$3248,dagger,0,mithril,50000,1629,4112,1283,6,5,1,6,1,1,1,1,1,0,0,0,0,0,0,0,0,0,0,0,0,0,3,1,0,0,0,0,0,1,0,0,0,1,1,0,\N
9,奧里哈魯根短劍,$3247,$3247,dagger,0,orichalcum,50000,1635,4118,1282,7,7,1,6,1,1,1,1,1,0,0,0,2,0,0,0,0,0,0,0,0,0,0,0,0,0,0,0,0,0,0,0,0,1,1,0,\N
10,小武士刀,$2920,$2920,dagger,0,iron,30000,1341,3441,1079,8,8,1,6,1,1,1,1,1,0,0,1,0,0,0,0,0,0,0,0,0,0,0,0,0,0,0,0,0,1,0,0,0,1,1,0,\N
11,水晶短劍,$3867,$3867,dagger,0,silver,45000,1921,4982,0,10,4,1,6,1,1,1,1,1,0,0,0,1,0,0,0,0,0,0,0,0,0,0,0,0,0,0,0,0,1,0,0,0,1,1,0,\N
12,風刃短劍,$3835,$3835,dagger,0,blackmithril,60000,1947,5003,0,23,16,1,0,1,1,1,1,1,0,0,0,6,0,0,2,0,0,0,0,0,0,0,0,0,0,0,0,0,1,0,0,0,1,1,0,\N
13,死亡之指,$2648,$2648,dagger,0,iron,20000,1317,3370,1049,16,4,1,6,0,1,0,0,1,0,0,2,1,0,0,0,0,0,0,0,0,0,0,0,0,0,0,0,0,1,50,0,0,0,1,0,\N
14,混沌之刺,$3737,$3737,dagger,0,bone,10000,1995,5046,1706,18,2,1,0,1,1,1,1,1,0,0,0,2,0,0,0,0,0,0,0,0,0,0,0,0,0,0,0,0,1,45,0,0,1,1,0,\N
15,失去魔力的克特之劍,$2777,$2777,sword,0,iron,1000,1243,3266,1011,15,11,1,6,1,1,0,0,0,1,0,4,5,0,0,0,0,0,0,0,0,0,0,0,0,0,0,0,0,0,0,0,0,1,1,0,\N
16,復仇之劍,$2762,$2762,twohandsword,1,bone,40000,1241,3308,996,21,30,1,0,0,1,1,0,1,1,0,3,7,0,0,0,0,0,0,0,0,0,0,0,0,0,0,0,0,1,0,0,0,1,1,0,\N
17,受封印 被遺忘的巨劍,$1958 $1938,$1958 $1938,twohandsword,1,iron,80000,90,76,659,5,6,1,0,1,1,0,0,0,1,0,3,3,0,0,0,0,0,0,0,0,0,0,0,0,0,0,0,0,1,45,0,0,1,1,0,\N
18,受封印 被遺忘的劍,$1958 $1939,$1958 $1939,sword,0,iron,40000,103,26,660,3,2,1,0,1,1,0,1,1,0,0,5,0,0,0,0,0,0,0,0,0,0,0,0,0,0,0,0,0,1,45,0,0,1,1,0,\N
19,長劍的劍身,$786,$786,sword,0,mithril,30000,321,890,0,3,3,1,6,1,1,1,1,1,1,0,0,0,0,0,0,0,0,0,0,0,0,0,0,0,0,0,0,0,1,0,0,0,1,1,0,\N
20,奧里哈魯根的劍身,$787,$787,sword,0,orichalcum,35000,321,890,0,4,4,1,6,1,1,1,1,1,1,0,0,0,0,0,0,0,0,0,0,0,0,0,0,0,0,0,0,0,1,0,0,0,1,1,0,\N
21,歐西斯短劍,$99,$99,sword,0,iron,30000,105,26,0,4,4,1,6,1,1,1,1,1,1,0,0,0,0,0,0,0,0,0,0,0,0,0,0,0,0,0,0,0,1,0,0,0,1,1,0,\N
22,鎖子甲破壞者,$793,$793,sword,0,orichalcum,40000,276,26,276,4,5,1,6,1,1,1,1,1,1,0,10,0,0,0,0,0,0,0,0,0,0,0,0,0,0,0,0,0,1,0,0,0,1,1,0,\N
23,闊劍,$66,$66,sword,0,iron,70000,21,82,0,4,6,1,6,1,1,1,1,1,1,0,0,0,0,0,0,0,0,0,0,0,0,0,0,0,0,0,0,0,1,0,0,0,1,1,0,\N
24,短劍,$100,$100,sword,0,iron,30000,106,26,0,6,8,1,6,1,1,1,1,1,1,0,0,0,0,0,0,0,0,0,0,0,0,0,0,0,0,0,0,0,1,0,0,0,1,1,0,\N
25,銀劍,$1148,$1148,sword,0,silver,40000,156,26,0,7,7,1,6,1,1,1,1,1,1,0,0,0,0,0,0,0,0,0,0,0,0,0,0,0,0,0,0,0,1,0,0,0,1,1,0,\N
26,小侏儒短劍,$97,$97,sword,0,iron,40000,103,26,0,7,8,1,6,1,1,1,1,1,1,0,0,0,0,0,0,0,0,0,0,0,0,0,0,0,0,0,0,0,1,0,0,0,1,1,0,\N
27,彎刀,$92,$92,sword,0,iron,40000,90,76,0,8,8,1,6,1,1,1,1,1,1,0,0,0,0,0,0,0,0,0,0,0,0,0,0,0,0,0,0,0,1,0,0,0,1,1,0,\N
28,精靈短劍,$98,$98,sword,0,mithril,20000,325,26,284,8,8,1,6,1,1,1,1,1,1,0,0,0,0,0,0,0,0,0,0,0,0,0,0,0,0,0,0,0,1,0,0,0,1,1,0,\N
29,銀長劍,$1147,$1147,sword,0,silver,50000,163,356,0,8,12,1,6,1,1,1,1,1,1,0,0,0,0,0,0,0,0,0,0,0,0,0,0,0,0,0,0,0,1,0,0,0,1,1,0,\N
30,紅騎士之劍,$313,$313,sword,0,iron,40000,441,3,123,8,12,1,6,1,1,1,1,1,1,0,0,0,1,0,0,0,0,0,0,0,0,0,0,0,0,0,0,0,1,0,0,0,1,1,0,\N
31,長劍,$0,$0,sword,0,iron,40000,2,3,0,8,12,1,6,1,1,1,1,1,1,0,0,0,0,0,0,0,0,0,0,0,0,0,0,0,0,0,0,0,1,0,0,0,1,1,0,\N
32,侵略者之劍,$415,$415,sword,0,iron,40000,151,355,0,9,11,1,6,1,1,1,1,1,1,0,0,0,0,0,0,0,0,0,0,0,0,0,0,0,0,0,0,0,1,0,0,0,1,1,0,\N
33,榮耀之劍,$3790,$3790,sword,0,iron,50000,1871,4759,1807,9,12,1,6,0,1,0,0,0,1,0,0,2,0,0,0,0,0,0,0,0,0,0,0,0,0,0,0,0,1,0,0,0,1,1,0,\N
34,血紅慾望短劍,$3795,$3795,dagger,0,mithril,20000,1872,3,1812,10,8,1,6,0,0,0,1,1,0,0,0,0,0,0,0,0,0,0,0,0,-3,0,0,0,0,0,0,0,1,0,0,0,1,1,0,\N
35,象牙塔單手劍,$3279,$3279,sword,0,iron,40000,2,26,1320,10,10,1,6,1,1,0,1,1,1,0,2,0,0,0,0,0,0,0,0,0,0,0,0,0,0,0,0,0,1,0,0,0,0,1,0,\N
36,幻象之劍,$1997,$1997,sword,0,iron,40000,932,26,0,10,10,1,6,1,1,1,1,1,1,1,0,0,0,0,0,0,0,0,0,0,0,0,0,0,0,0,0,0,1,0,0,0,1,1,0,\N
37,大馬士革刀,$598,$598,sword,0,iron,45000,298,3,235,10,11,1,6,1,1,0,1,1,1,0,0,0,0,0,0,0,0,0,0,0,0,0,0,0,0,0,0,0,0,0,0,0,1,1,0,\N
38,拉斯塔巴德長劍,$2903,$2903,sword,0,iron,30000,1335,3422,1076,10,12,1,6,0,1,0,1,1,1,0,1,0,0,0,0,0,0,0,0,0,0,0,0,0,0,0,0,0,1,0,0,0,1,1,0,\N
39,短刀,$3504,$3504,sword,0,iron,50000,1778,4352,0,10,12,1,6,1,1,0,1,1,1,0,1,0,0,0,0,0,0,0,0,0,0,0,0,0,0,0,0,0,0,0,0,0,1,1,0,\N
40,血色巨劍,$3864,$3864,twohandsword,1,iron,160000,1918,4979,0,13,15,1,6,0,1,0,0,0,1,0,0,3,0,0,0,0,0,0,0,0,0,0,0,0,0,0,0,0,1,0,0,0,1,1,0,\N
41,武士刀,$16,$16,sword,0,iron,40000,58,26,0,10,12,1,6,1,1,0,1,1,1,0,1,0,0,0,0,0,0,0,0,0,0,0,0,0,0,0,0,0,1,0,0,0,1,1,0,\N
42,細劍,$789,$789,sword,0,orichalcum,60000,104,3,0,11,6,1,6,0,1,0,1,1,1,0,0,0,0,0,0,0,0,0,0,0,0,0,0,0,0,0,0,0,1,0,0,0,1,1,0,\N
43,海賊彎刀,$3505,$3505,sword,0,orichalcum,60000,1779,4353,1497,11,6,1,6,0,1,0,1,1,1,0,1,0,0,0,0,0,0,0,0,0,0,0,0,0,0,0,0,0,1,0,0,0,1,1,0,\N
44,古代黑暗妖精之劍,$2772,$2772,sword,0,mithril,20000,1250,3314,1006,12,12,1,6,0,0,0,1,0,0,0,3,1,0,0,1,0,0,0,50,0,0,0,0,0,0,0,0,0,1,0,0,0,1,1,0,\N
45,波曲王之劍,$428,$428,sword,0,iron,50000,155,355,152,11,12,1,9,1,1,1,1,1,0,0,0,0,0,0,0,0,0,0,0,0,0,0,0,0,0,0,0,0,1,0,0,0,1,1,0,\N
46,生命之劍,$1553,$1553,sword,0,iron,40000,58,26,0,11,12,1,9,1,1,0,1,1,0,0,1,0,0,0,0,0,0,0,0,0,0,0,0,0,0,0,0,0,1,0,0,0,1,1,0,\N
47,沉默之劍,$3110,$3110,sword,0,iron,60000,1511,3733,1198,12,12,1,6,0,1,0,1,1,1,0,2,0,0,0,0,0,0,0,0,0,0,0,0,0,0,0,0,0,1,0,0,0,1,1,0,\N
48,象牙塔雙手劍,$3280,$3280,twohandsword,1,iron,150000,21,82,1321,15,15,1,6,1,1,0,0,0,1,0,1,3,0,0,0,0,0,0,0,0,0,0,0,0,0,0,0,0,1,0,0,0,0,1,0,\N
49,武官之刃,$3840,$3840,sword,0,iron,120000,1894,4955,0,13,10,1,6,1,1,0,1,0,1,0,1,2,0,0,0,0,0,0,0,0,0,0,0,0,0,0,0,0,1,0,0,0,1,1,0,\N
50,赤焰之劍,$2353,$2353,sword,0,silver,80000,1019,3,790,14,6,1,6,0,0,0,1,0,0,0,4,0,0,0,0,0,0,0,0,0,0,0,0,0,0,0,0,0,1,50,0,0,0,1,0,\N
51,黃金權杖,$2354,$2354,sword,0,gold,110000,1020,781,791,14,14,1,6,1,0,0,0,0,0,0,1,0,0,0,0,0,0,0,0,0,0,0,0,0,0,0,0,0,1,50,0,0,0,1,0,\N
52,雙手劍,$3,$3,twohandsword,1,iron,150000,4,59,0,17,21,1,6,1,1,0,0,0,1,0,0,3,0,0,0,0,0,0,0,0,0,0,0,0,0,0,0,0,1,0,0,0,1,1,0,\N
53,蜥蜴王勇士之劍,$3796,$3796,twohandsword,1,iron,150000,1876,3,1813,17,21,1,6,1,1,0,0,0,1,0,0,3,0,0,0,0,0,0,0,0,0,0,0,0,0,0,0,0,1,0,0,0,1,1,0,\N
54,失去魔力的克特之劍,$2777,$2777,sword,0,iron,40000,1243,3266,1098,15,11,1,6,1,1,0,0,0,1,0,4,5,0,0,0,0,0,0,0,0,0,0,0,0,0,0,0,0,0,0,0,0,1,1,0,\N
55,黑暗之劍,$3863,$3863,sword,0,iron,100000,1917,4978,0,15,12,1,6,1,1,0,0,1,1,0,0,1,0,0,0,0,0,0,0,0,0,0,0,0,0,0,0,0,1,0,0,0,1,1,0,\N
56,黑燄之劍,$2350,$2350,sword,0,iron,100000,1016,3,787,16,8,1,6,0,1,0,0,0,0,0,2,0,0,0,0,0,0,0,0,0,0,0,0,0,0,0,0,0,0,50,0,0,0,1,0,\N
57,瑟魯基之劍,$17,$17,sword,0,steel,120000,112,3,0,16,10,1,6,0,1,0,0,0,1,0,2,0,0,0,0,0,0,0,0,0,0,0,0,0,0,0,0,0,1,0,0,0,1,1,0,\N
58,死亡騎士的烈炎之劍,$2758,$2758,sword,0,iron,40000,1259,3304,992,16,10,1,6,0,1,0,0,0,1,0,5,2,0,0,0,0,0,0,0,0,0,0,0,0,0,0,0,0,1,0,0,0,1,1,0,\N
59,騎士范德之劍,$2859,$2859,twohandsword,1,steel,100000,1181,3131,0,22,28,1,6,0,1,0,0,0,1,0,-1,6,1,0,0,0,0,0,0,0,0,0,0,0,0,0,0,0,1,0,0,0,1,1,0,\N
60,末日刀,$417,$417,sword,0,iron,50000,58,26,0,16,16,1,6,1,1,1,1,1,0,0,20,120,5,5,5,5,5,5,0,0,0,0,0,0,0,0,0,0,0,52,0,0,1,1,0,\N
61,真‧冥皇執行劍,$3834,$3834,twohandsword,1,blackmithril,100000,1945,5002,0,28,33,1,0,0,1,0,0,0,1,0,5,20,2,0,0,0,0,0,0,0,0,0,0,0,0,0,0,0,0,0,0,0,1,1,0,\N
62,武官雙手劍,$3839,$3839,twohandsword,1,iron,150000,1893,4954,0,19,23,1,6,0,1,0,0,0,1,0,1,5,0,0,0,0,0,0,0,0,0,0,0,0,0,0,0,0,1,0,0,0,1,1,0,\N
63,惡魔之劍,$3375,$3375,sword,0,iron,40000,1720,4317,1411,17,9,1,6,1,1,0,1,0,1,0,4,0,0,0,0,0,0,0,0,0,0,0,0,0,1,0,0,0,0,0,0,0,1,1,0,\N
64,巨劍,$1048,$1048,twohandsword,1,iron,150000,463,3,0,20,17,1,6,1,1,0,0,0,1,0,0,3,0,0,0,0,0,0,0,0,0,0,0,0,0,0,0,0,1,0,0,0,1,1,0,\N
65,天空之劍,$2253,$2253,sword,0,iron,5000,1010,26,760,17,19,1,-1,0,1,0,0,0,1,0,0,0,0,0,0,0,0,0,0,0,0,0,0,0,0,0,0,0,1,50,0,0,0,0,0,\N
66,屠龍劍,$1020,$1020,twohandsword,1,steel,180000,438,3,0,24,33,1,6,0,1,0,0,0,1,0,0,0,0,0,0,0,0,0,0,0,0,0,0,0,0,0,0,0,1,0,0,0,1,1,0,\N
67,古老的巨劍,$1951,$1951,twohandsword,1,iron,70000,897,3,671,27,45,1,-1,1,1,0,0,0,1,0,3,3,0,0,0,0,0,0,0,0,0,0,0,0,0,0,0,0,1,45,0,0,1,1,0,\N
68,古老的劍,$1950,$1950,sword,0,iron,30000,902,26,672,35,20,1,-1,1,1,0,1,1,1,0,5,0,0,0,0,0,0,0,0,0,0,0,0,0,0,0,0,0,1,45,0,0,1,1,0,\N
69,青銅 雙刀,$2458 $2449,$2458 $2449,dualsword,1,iron,20000,1067,2923,862,8,6,1,6,0,0,0,0,1,0,0,2,0,0,0,0,0,0,0,0,0,0,0,0,0,0,25,0,0,1,0,0,0,1,1,0,\N
70,尖刺雙刀,$3866,$3866,dualsword,1,iron,30000,1920,4981,859,8,8,1,6,0,0,0,0,1,0,0,0,3,0,0,0,0,0,0,0,0,0,0,0,0,0,25,0,0,0,0,0,0,1,1,0,\N
71,鋼鐵 雙刀,$2459 $2449,$2459 $2449,dualsword,1,iron,30000,1090,2929,863,10,7,1,6,0,0,0,0,1,0,0,1,0,0,0,0,0,0,0,0,0,0,0,0,0,0,25,0,0,1,0,0,0,1,1,0,\N
72,暗影 雙刀,$2460 $2449,$2460 $2449,dualsword,1,iron,30000,1083,2930,859,11,7,1,6,0,0,0,0,1,0,0,1,0,0,0,0,0,0,0,0,0,0,0,0,0,0,25,0,0,1,0,0,0,1,1,0,\N
73,象牙塔雙刀,$3286,$3286,dualsword,1,iron,20000,1072,2923,1327,11,8,1,6,0,0,0,0,1,0,0,1,0,0,0,0,0,0,0,0,0,0,0,0,0,0,25,0,0,1,0,0,0,0,1,0,\N
74,銀光 雙刀,$2454 $2449,$2454 $2449,dualsword,1,silver,20000,1085,2926,849,11,8,1,6,0,0,0,0,1,0,0,3,0,0,0,0,0,0,0,0,0,0,0,0,0,0,25,0,0,1,0,0,0,1,1,0,\N
75,黑暗 雙刀,$2452 $2449,$2452 $2449,dualsword,1,steel,20000,1072,2925,846,12,8,1,6,0,0,0,0,1,0,0,3,0,0,0,0,0,0,0,0,0,0,0,0,0,0,25,0,0,0,0,0,0,1,1,0,\N
76,倫得雙刀,$2759,$2759,dualsword,1,iron,30000,1260,3305,993,12,8,1,6,0,0,0,0,1,0,0,3,0,0,0,0,0,0,0,0,0,0,0,0,0,0,25,0,0,1,0,0,0,1,1,0,\N
77,短 雙刀,$2461 $2449,$2461 $2449,dualsword,1,iron,25000,1088,2924,860,13,8,1,6,0,0,0,0,1,0,0,2,0,0,0,0,0,0,0,0,0,0,0,0,0,0,25,0,0,1,0,0,0,1,1,0,\N
78,暗殺軍王之痕,$3860,$3860,dualsword,1,platinum,20000,1914,4975,0,13,13,1,6,0,0,0,0,1,0,0,0,2,0,0,0,0,0,0,0,0,0,0,0,0,0,25,0,0,0,0,0,0,1,1,0,\N
79,深淵雙刀,$3791,$3791,dualsword,1,steel,20000,1875,4763,1808,14,10,1,6,0,0,0,0,1,0,0,0,0,0,0,0,0,0,0,0,0,0,0,0,0,0,25,0,0,0,0,0,0,1,1,0,\N
80,大馬士革 雙刀,$2462 $2449,$2462 $2449,dualsword,1,iron,40000,1069,2931,861,15,9,1,6,0,0,0,0,1,0,0,0,0,0,0,0,0,0,0,0,0,0,0,0,0,0,25,0,0,0,0,0,0,1,1,0,\N
81,幽暗 雙刀,$2453 $2449,$2453 $2449,dualsword,1,steel,30000,1064,2927,851,15,10,1,6,0,0,0,0,1,0,0,3,1,0,0,0,0,0,0,0,0,0,0,0,0,0,25,0,0,0,0,0,0,1,1,0,\N
82,拉斯塔巴德雙刀,$2904,$2904,dualsword,1,iron,40000,1324,3431,1077,15,10,1,6,0,0,0,0,1,0,0,0,0,0,0,0,0,0,0,0,0,0,0,0,0,0,25,0,0,0,0,0,0,1,1,0,\N
83,狄亞得雙刀,$3111,$3111,dualsword,1,iron,40000,1512,3734,1199,15,11,1,6,0,0,0,0,1,0,0,0,0,0,0,0,0,0,0,0,0,0,0,0,0,0,25,0,0,0,0,0,0,1,1,0,\N
84,暗黑雙刀,$2455,$2455,dualsword,1,platinum,40000,1078,2928,854,18,14,1,6,0,0,0,0,1,0,0,4,3,0,0,0,0,0,0,0,0,0,0,0,0,0,25,0,0,0,0,0,0,1,1,0,\N
85,惡魔雙刀,$3376,$3376,dualsword,1,iron,30000,1785,4362,1412,18,13,1,6,0,0,0,0,1,0,0,3,1,0,0,0,0,0,0,0,0,0,0,0,0,1,25,0,0,0,0,0,0,1,1,0,\N
86,紅影雙刀,$3836,$3836,dualsword,1,blackmithril,50000,1949,5004,0,30,20,1,0,0,0,0,0,1,0,0,8,15,0,0,0,0,0,0,0,0,0,0,0,0,0,25,0,0,0,0,0,0,1,1,0,\N
87,不為人知的矛,$2760,$2760,spear,1,bone,0,1228,3306,994,0,0,2,0,0,0,0,0,0,0,0,0,0,0,0,0,0,0,0,0,0,0,0,0,0,0,0,0,0,1,0,0,0,1,1,0,\N
88,潘的角,$783,$783,spear,0,bone,12000,317,887,0,2,2,2,6,1,1,1,1,0,0,0,0,0,0,0,0,0,0,0,0,0,0,0,0,0,0,0,0,0,1,0,0,0,1,1,0,\N
89,覆上米索莉的角,$791,$791,spear,0,steel,24000,315,887,0,4,4,2,6,1,1,1,1,0,0,0,0,0,0,0,0,0,0,0,0,0,0,0,0,0,0,0,0,0,1,0,0,0,1,1,0,\N
90,巴迪須,$62,$62,spear,1,steel,120000,11,5,0,10,12,2,6,1,1,0,0,0,0,0,0,0,0,0,0,0,0,0,0,0,0,0,0,0,0,0,0,0,1,0,0,0,1,1,0,\N
91,歐西斯之矛,$96,$96,spear,0,steel,30000,100,27,0,4,6,2,6,1,1,1,1,0,0,0,0,0,0,0,0,0,0,0,0,0,0,0,0,0,0,0,0,0,1,0,0,0,1,1,0,\N
92,柴刀,$63,$63,spear,1,steel,120000,13,5,0,10,17,2,6,1,1,0,0,0,0,0,0,0,0,0,0,0,0,0,0,0,0,0,0,0,0,0,0,0,1,0,0,0,1,1,0,\N
93,三叉戟,$102,$102,spear,0,steel,25000,111,77,0,5,4,2,6,1,1,0,1,0,0,0,0,0,0,0,0,0,0,0,0,0,0,0,0,0,0,0,0,0,1,0,0,0,1,1,0,\N
94,帕提森,$87,$87,spear,0,steel,80000,72,5,0,6,6,2,6,1,1,0,1,0,0,0,0,0,0,0,0,0,0,0,0,0,0,0,0,0,0,0,0,0,1,0,0,0,1,1,0,\N
95,槍,$81,$81,spear,0,steel,180000,60,71,0,6,8,2,6,1,1,0,0,0,0,0,0,0,0,0,0,0,0,0,0,0,0,0,0,0,0,0,0,0,1,0,0,0,1,1,0,\N
96,矛,$25,$25,spear,0,steel,80000,98,27,0,6,8,2,6,1,1,1,1,0,0,0,0,0,0,0,0,0,0,0,0,0,0,0,0,0,0,0,0,0,1,0,0,0,1,1,0,\N
97,吉薩,$76,$76,spear,1,steel,80000,48,5,0,12,14,2,6,1,1,0,1,0,0,0,0,0,0,0,0,0,0,0,0,0,0,0,0,0,0,0,0,0,1,0,0,0,1,1,0,\N
98,闊矛,$75,$75,spear,1,steel,75000,45,5,0,12,16,2,6,1,1,0,1,0,0,0,0,0,0,0,0,0,0,0,0,0,0,0,0,0,0,0,0,0,1,0,0,0,1,1,0,\N
99,精靈之矛,$95,$95,spear,0,mithril,30000,99,5,0,7,8,2,6,1,1,1,1,0,0,0,0,0,0,0,0,0,0,0,0,0,0,0,0,0,0,0,0,0,1,0,0,0,1,1,0,\N
100,覆上奧里哈魯根的角,$792,$792,spear,0,orichalcum,55000,316,887,0,7,8,2,6,1,1,1,1,0,0,0,0,0,0,0,0,0,0,0,0,0,0,0,0,0,0,0,0,0,1,0,0,0,1,1,0,\N
101,拉斯塔巴德矛,$2906,$2906,spear,0,steel,80000,1333,3432,1080,8,8,2,6,1,1,0,1,0,0,0,0,0,0,0,0,0,0,0,0,0,0,0,0,0,0,0,0,0,1,0,0,0,1,1,0,\N
102,露西錘,$83,$83,spear,1,steel,150000,66,5,0,15,17,2,6,1,1,0,0,0,0,0,3,0,0,0,0,0,0,0,0,0,0,0,0,0,0,0,0,0,0,0,0,0,1,1,0,\N
103,戟,$77,$77,spear,1,steel,150000,50,5,0,16,12,2,6,1,1,0,0,0,0,0,0,0,0,0,0,0,0,0,0,0,0,0,0,0,0,0,0,0,0,0,0,0,1,1,0,\N
104,法丘,$73,$73,spear,1,orichalcum,60000,41,5,0,16,16,2,6,1,1,0,1,0,0,0,3,0,0,0,0,0,0,0,0,0,0,0,0,0,0,0,0,0,0,0,0,0,1,1,0,\N
105,象牙塔長矛,$3282,$3282,spear,1,steel,100000,98,27,1323,16,17,2,6,1,1,0,0,0,0,0,0,0,0,0,0,0,0,0,0,0,0,0,0,0,0,0,0,0,0,0,0,0,0,1,0,\N
106,貝卡合金,$71,$71,spear,1,steel,100000,38,5,0,17,17,2,6,0,1,0,0,0,0,0,0,0,0,0,0,0,0,0,0,0,0,0,0,0,0,0,0,0,0,0,0,0,1,1,0,\N
107,深紅長矛,$3250,$3250,spear,1,mithril,100000,38,4119,1285,21,21,2,6,1,1,0,0,0,0,0,4,0,0,0,0,0,0,0,50,0,0,0,0,0,0,0,0,0,0,0,0,0,1,1,0,\N
108,失去魔力的惡魔鐮刀,$2764,$2764,staff,0,bone,1000,1240,3310,998,0,0,1,0,0,0,0,0,0,0,0,0,0,0,0,0,0,0,0,0,0,0,0,0,0,0,0,0,0,0,0,0,0,0,1,0,\N
109,失去魔力的巴風特魔杖,$2766,$2766,staff,0,bone,1000,1255,3264,1000,0,0,1,0,0,0,0,0,0,0,0,0,0,0,0,0,0,0,0,0,0,0,0,0,0,0,0,0,0,0,0,0,0,0,1,0,\N
110,失去魔力的巴列斯魔杖,$2768,$2768,staff,0,bone,1000,1257,3265,1002,0,0,1,0,0,0,0,0,0,0,0,0,0,0,0,0,0,0,0,0,0,0,0,0,0,0,0,0,0,0,0,0,0,0,1,0,\N
111,失去魔力的冰之女王魔杖,$2754,$2754,staff,0,steel,20000,1239,3262,1094,0,0,1,0,0,0,0,0,0,0,0,0,0,0,0,0,0,0,0,0,0,0,0,0,0,0,0,0,0,0,0,0,0,0,1,0,\N
112,抗魔精靈短劍,$801,$801,sword,0,mithril,20000,325,26,0,8,8,1,6,1,1,1,1,1,0,0,0,0,0,0,0,0,0,0,0,0,0,0,0,0,0,0,0,0,0,15,0,0,1,1,0,\N
113,敏捷精靈短劍,$802,$802,sword,0,mithril,20000,325,26,347,8,8,1,6,1,1,1,1,1,0,0,0,0,0,0,1,-1,0,0,-15,0,0,0,0,0,0,0,0,0,0,15,0,0,1,1,0,\N
114,威嚴權杖,$4386,$4386,blunt,0,iron,20000,2228,5606,2102,14,16,1,6,1,0,0,0,0,0,0,0,1,0,0,0,0,0,0,0,0,0,0,0,0,0,0,0,0,0,40,0,0,1,1,0,\N
115,水晶魔杖,$2080,$2080,staff,0,wood,15000,939,75,711,1,1,1,6,0,0,1,0,0,0,0,0,0,0,0,0,0,0,0,0,0,0,10,0,0,0,0,0,0,0,0,0,0,1,1,0,\N
116,黑法師之杖,$3089,$3089,staff,0,steel,15000,1487,3709,1177,1,1,1,6,0,0,1,0,0,0,1,0,0,0,0,0,0,0,0,0,0,0,5,2,0,0,0,0,0,0,0,0,0,1,1,0,\N
117,蕾雅魔杖,$3078,$3078,staff,0,wood,15000,1516,3791,1166,1,1,1,6,0,0,1,0,0,0,1,-3,0,0,0,0,0,0,0,0,0,0,10,-2,0,1,0,0,0,0,0,0,0,1,1,0,\N
118,漆黑水晶球,$3793,$3793,staff,0,steel,15000,1878,773,1810,1,1,1,6,0,0,1,0,0,0,1,0,0,0,0,0,0,0,2,0,0,0,0,1,0,0,0,0,0,0,0,0,0,1,1,0,\N
119,惡魔鐮刀,$2991,$2991,staff,0,bone,1000,1240,3310,1095,1,1,1,0,0,0,1,0,0,0,1,0,0,0,0,0,0,0,0,0,0,0,0,5,0,0,0,0,0,0,0,0,0,1,1,0,\N
120,象牙塔魔杖,$3285,$3285,staff,0,wood,15000,83,75,1326,3,3,1,6,0,0,1,0,0,0,1,2,1,0,0,0,0,0,0,0,0,0,7,0,0,0,0,0,0,0,0,0,0,0,1,0,\N
121,冰之女王魔杖,$2990,$2990,staff,0,steel,20000,1239,3262,1094,2,3,1,6,0,0,1,0,0,0,1,-1,0,0,0,0,0,0,0,0,0,0,0,0,0,0,0,0,0,0,0,0,0,1,1,0,\N
122,拉斯塔巴德魔杖,$2909,$2909,staff,0,wood,15000,1334,3428,1084,2,3,1,6,0,0,1,0,0,0,1,0,0,0,0,0,0,0,0,0,0,0,8,1,0,0,0,0,0,0,0,0,0,1,1,0,\N
123,巴列斯魔杖,$2993,$2993,staff,0,bone,15000,1257,3265,1097,2,3,1,0,0,0,1,0,0,0,1,0,0,0,0,0,0,0,0,0,0,0,10,2,0,0,0,0,0,0,0,0,0,1,1,0,\N
124,巴風特魔杖,$2992,$2992,staff,0,bone,15000,1255,3264,1096,2,3,1,0,0,0,1,0,0,0,1,7,5,0,0,0,0,0,0,0,0,0,0,0,0,0,0,0,0,0,0,0,0,1,1,0,\N
125,巫術魔法杖,$572,$572,staff,0,wood,15000,292,75,232,2,3,1,6,0,0,1,0,0,0,1,0,0,0,0,0,0,0,0,0,0,0,0,1,0,0,0,0,0,0,0,0,0,1,1,0,\N
126,瑪那魔杖,$1063,$1063,staff,0,wood,15000,293,75,342,3,3,1,6,0,0,1,0,0,0,1,-3,0,0,0,0,0,0,0,0,0,0,0,0,0,0,0,0,0,0,0,0,0,1,1,0,\N
127,鋼鐵瑪那魔杖,$2003,$2003,staff,0,iron,30000,293,75,0,3,3,1,6,0,0,1,0,0,0,1,2,0,0,0,0,0,0,0,0,0,0,0,0,0,0,0,0,0,0,0,0,0,1,1,0,\N
128,橡木魔法杖,$570,$570,staff,0,wood,15000,291,75,230,3,4,1,6,1,1,1,1,0,0,1,0,0,0,0,0,0,0,0,0,0,0,0,0,0,0,0,0,1,0,0,0,0,1,1,0,\N
129,美基魔法杖,$571,$571,staff,0,wood,20000,297,75,231,4,5,1,6,0,0,1,0,0,0,1,0,0,0,0,0,0,0,0,0,0,0,0,0,0,0,0,0,3,0,0,0,0,1,1,0,\N
130,紅水晶魔杖,$3865,$3865,staff,1,steel,60000,1919,4980,0,8,8,1,6,0,0,1,0,0,0,1,0,0,0,0,0,1,1,0,0,0,0,5,0,0,0,0,0,0,0,40,0,0,1,1,0,\N
131,力量魔法杖,$573,$573,staff,0,wood,15000,293,75,233,9,9,1,6,0,0,1,0,0,0,1,0,3,3,0,0,0,0,0,0,0,0,0,-2,0,0,0,0,0,0,0,0,0,1,1,0,\N
132,神官魔杖,$3847,$3847,staff,1,silver,70000,1901,4962,0,9,9,1,6,0,0,1,0,0,0,1,0,0,0,0,0,0,0,0,0,0,0,0,0,0,0,0,0,0,0,0,0,0,1,1,0,\N
133,古代人的智慧,$2241,$2241,staff,0,wood,5000,1003,75,772,10,10,1,-1,0,0,1,0,0,0,0,0,0,0,0,0,0,0,0,0,0,0,0,0,0,0,0,0,0,0,50,0,0,0,0,0,\N
134,聖晶魔杖,$3838,$3838,staff,1,blackmithril,60000,1953,5006,0,13,15,1,0,0,0,1,0,0,0,1,0,0,0,0,0,0,2,0,0,50,0,12,3,0,0,0,0,0,0,0,0,0,1,1,0,\N
135,不為人知的斧,$2761,$2761,blunt,0,bone,0,1227,3307,995,0,0,1,6,0,0,0,0,0,0,0,0,0,0,0,0,0,0,0,0,0,0,0,0,0,0,0,0,0,0,0,0,0,1,1,0,\N
136,斧,$1,$1,blunt,0,steel,60000,1,2,0,3,5,1,6,1,1,1,1,0,1,1,0,0,0,0,0,0,0,0,0,0,0,0,0,0,0,0,0,0,0,0,0,0,1,1,0,\N
137,亞連,$14,$14,blunt,0,steel,10000,8,14,0,4,4,1,6,1,1,0,1,0,1,1,2,0,0,0,0,0,0,0,0,0,0,0,0,0,0,0,0,0,0,0,0,0,1,1,0,\N
138,木棒,$69,$69,blunt,0,steel,30000,31,14,0,6,3,1,6,1,1,1,1,0,1,1,0,0,0,0,0,0,0,0,0,0,0,0,0,0,0,0,0,0,0,0,0,0,1,1,0,\N
139,弗萊爾,$74,$74,blunt,0,steel,15000,42,83,0,6,4,1,6,1,1,1,1,0,1,1,0,0,0,0,0,0,0,0,0,0,0,0,0,0,0,0,0,0,0,0,0,0,1,1,0,\N
140,釘錘,$20,$20,blunt,0,steel,30000,67,60,0,6,8,1,6,1,1,1,1,0,1,1,0,0,0,0,0,0,0,0,0,0,0,0,0,0,0,0,0,0,0,0,0,0,1,1,0,\N
141,戰錘,$111,$111,blunt,1,steel,50000,119,358,0,17,19,1,6,1,1,0,1,0,1,1,0,0,0,0,0,0,0,0,0,0,0,0,0,0,0,0,0,0,0,0,0,0,1,1,0,\N
142,銀斧,$1149,$1149,blunt,1,silver,270000,173,358,0,17,24,1,6,1,1,0,0,0,1,1,0,0,0,0,0,0,0,0,0,0,0,0,0,0,0,0,0,0,0,0,0,0,1,1,0,\N
143,戰斧,$60,$60,blunt,1,steel,120000,9,58,0,18,18,1,6,1,1,0,1,0,1,1,0,0,0,0,0,0,0,0,0,0,0,0,0,0,0,0,0,0,0,0,0,0,1,1,0,\N
144,侏儒鐵斧,$94,$94,blunt,1,steel,280000,172,358,0,18,24,1,6,1,1,0,0,0,1,1,0,0,0,0,0,0,0,0,0,0,0,0,0,0,0,0,0,0,0,0,0,0,1,1,0,\N
145,狂戰士斧,$418,$418,blunt,1,steel,200000,439,358,0,19,19,1,6,0,1,0,0,0,1,1,0,0,0,0,0,0,0,0,0,0,0,0,0,0,1,0,0,0,0,0,0,0,1,1,0,\N
146,流星錘,$84,$84,blunt,0,steel,120000,68,68,0,9,10,1,6,1,1,0,1,0,1,1,0,0,0,0,0,0,0,0,0,0,0,0,0,0,0,0,0,0,0,0,0,0,1,1,0,\N
147,象牙塔斧頭,$3281,$3281,blunt,0,steel,200000,1,2,1322,18,21,1,6,1,1,0,0,0,1,1,0,1,0,0,0,0,0,0,0,0,0,0,0,0,0,0,0,0,0,0,0,0,0,1,0,\N
148,巨斧,$412,$412,blunt,1,steel,250000,171,358,0,20,26,1,6,1,1,0,0,0,1,1,0,0,0,0,0,0,0,0,0,0,0,0,0,0,0,0,0,0,0,0,0,0,1,1,0,\N
149,牛人斧頭,$2214,$2214,blunt,1,steel,250000,980,3287,0,22,24,1,6,1,1,0,0,0,1,1,0,0,0,0,0,0,0,0,0,0,0,0,0,0,1,0,0,0,0,0,0,0,1,1,0,\N
150,天父之怒,$3735,$3735,blunt,1,orichalcum,10000,2009,5059,1704,15,16,1,6,1,0,0,0,0,0,0,0,5,0,0,0,0,0,0,0,0,0,0,0,0,0,0,0,0,0,0,0,0,1,1,0,\N
151,惡魔斧頭,$3249,$3249,blunt,1,blackmithril,180000,1627,4110,1284,30,30,1,0,1,1,0,0,0,1,1,-2,0,0,0,0,0,0,0,0,0,0,0,0,0,0,0,0,0,0,0,0,0,1,1,0,\N
152,青銅 鋼爪,$2458 $372,$2458 $372,claw,1,iron,20000,1068,2908,862,8,7,1,6,0,0,0,0,1,0,0,2,0,0,0,0,0,0,0,0,0,0,0,0,0,0,33,0,0,0,0,0,0,1,1,0,\N
153,鋼鐵 鋼爪,$2459 $372,$2459 $372,claw,1,iron,30000,1091,2914,863,10,8,1,6,0,0,0,0,1,0,0,1,0,0,0,0,0,0,0,0,0,0,0,0,0,0,33,0,0,0,0,0,0,1,1,0,\N
154,暗影 鋼爪,$2460 $372,$2460 $372,claw,1,iron,30000,1084,2915,864,12,10,1,6,0,0,0,0,1,0,0,1,0,0,0,0,0,0,0,0,0,0,0,0,0,0,33,0,0,0,0,0,0,1,1,0,\N
155,魔獸軍王之爪,$3861,$3861,claw,1,platinum,100000,1915,4976,0,12,12,1,6,0,0,0,0,1,0,0,0,2,0,0,0,0,0,0,0,0,0,0,0,0,0,33,0,0,0,0,0,0,1,1,0,\N
156,象牙塔鋼爪,$3287,$3287,claw,1,iron,20000,1073,2914,1328,12,10,1,6,0,0,0,0,1,0,0,0,1,0,0,0,0,0,0,0,0,0,0,0,0,0,33,0,0,0,0,0,0,0,1,0,\N
157,銀光 鋼爪,$2454 $2450,$2454 $2450,claw,1,silver,20000,1086,2911,850,13,10,1,6,0,0,0,0,1,0,0,0,2,0,0,0,0,0,0,0,0,0,0,0,0,0,33,0,0,0,0,0,0,1,1,0,\N
158,黑暗 鋼爪,$2452 $2450,$2452 $2450,claw,1,steel,20000,1073,2912,847,14,11,1,6,0,0,0,0,1,0,0,0,2,0,0,0,0,0,0,0,0,0,0,0,0,0,33,0,0,0,0,0,0,1,1,0,\N
159,短 鋼爪,$2461 $2450,$2461 $2450,claw,1,iron,25000,1089,2909,865,14,12,1,6,0,0,0,0,1,0,0,2,0,0,0,0,0,0,0,0,0,0,0,0,0,0,33,0,0,0,0,0,0,1,1,0,\N
160,獸王鋼爪,$3837,$3837,claw,1,blackmithril,70000,1951,5005,0,25,20,1,0,0,0,0,0,1,0,0,0,10,0,0,2,0,0,0,0,0,0,0,0,0,0,33,0,0,0,0,0,0,1,1,0,\N
161,大馬士革 鋼爪,$2462 $2450,$2462 $2450,claw,1,iron,40000,1070,2916,866,17,13,1,6,0,0,0,0,1,0,0,0,0,0,0,0,0,0,0,0,0,0,0,0,0,0,33,0,0,0,0,0,0,1,1,0,\N
162,幽暗 鋼爪,$2453 $2450,$2453 $2450,claw,1,steel,30000,1065,2910,852,17,15,1,6,0,0,0,0,1,0,0,0,3,0,0,0,0,0,0,0,0,0,0,0,0,0,33,0,0,0,0,0,0,1,1,0,\N
163,巴蘭卡鋼爪,$3073,$3073,claw,1,platinum,40000,1534,3850,1161,18,18,1,6,0,0,0,0,1,0,0,0,8,0,0,0,0,0,0,0,0,0,0,0,0,0,33,0,0,0,0,0,0,1,1,0,\N
164,暗黑鋼爪,$2456,$2456,claw,1,platinum,40000,1079,2913,855,22,18,1,6,0,0,0,0,1,0,0,4,5,0,0,0,0,0,0,0,0,0,0,0,0,0,33,0,0,0,0,0,0,1,1,0,\N
165,惡魔鋼爪,$3377,$3377,claw,1,iron,30000,1721,4318,1413,20,18,1,6,0,0,0,0,1,0,0,0,3,0,0,0,0,0,0,0,0,0,0,0,0,1,33,0,0,0,0,0,0,1,1,0,\N
166,恨之鋼爪,$2763,$2763,claw,1,bone,30000,1242,3309,997,26,15,1,0,0,0,0,0,1,0,0,2,5,0,0,0,0,0,0,0,0,0,0,0,0,0,50,0,0,0,0,0,0,1,1,0,\N
167,受封印 被遺忘的弩槍,$1958 $1940,$1958 $1940,bow,1,wood,50000,278,12,661,1,1,-1,6,0,0,0,1,0,0,1,0,0,0,0,0,0,0,0,0,0,0,0,0,0,0,0,0,0,1,45,0,0,1,1,0,\N
168,黑暗 十字弓,$2452 $784,$2452 $784,bow,1,steel,30000,1075,2919,848,2,2,-1,6,0,0,0,1,1,0,1,4,0,0,0,0,0,0,0,0,0,0,0,0,0,0,0,0,0,0,0,0,0,1,1,0,\N
169,獵人之弓,$1244,$1244,bow,1,wood,30000,279,12,0,2,2,-1,6,1,1,1,1,0,0,1,5,1,0,0,0,0,0,0,0,0,0,0,0,0,0,0,0,0,0,0,0,0,1,1,0,\N
170,精靈弓,$64,$64,bow,1,wood,30000,18,12,0,2,2,-1,6,0,0,0,1,0,0,1,0,1,0,0,0,0,0,0,0,0,0,0,0,0,0,0,0,0,0,0,0,0,1,1,0,\N
171,歐西斯弓,$65,$65,bow,1,wood,30000,19,12,0,2,2,-1,6,1,1,1,1,0,0,1,0,-1,0,0,0,0,0,0,0,0,0,0,0,0,0,0,0,0,0,0,0,0,1,1,0,\N
172,弓,$24,$24,bow,1,wood,30000,278,12,0,2,2,-1,6,1,1,1,1,0,0,1,0,0,0,0,0,0,0,0,0,0,0,0,0,0,0,0,0,0,0,0,0,0,1,1,0,\N
173,短弓,$759,$759,bow,1,wood,30000,20,12,0,2,2,-1,6,1,1,1,1,0,0,1,0,-1,0,0,0,0,0,0,0,0,0,0,0,0,0,0,0,0,0,0,0,0,1,1,0,\N
174,象牙塔石弓,$3284,$3284,bow,1,wood,50000,18,12,1325,2,2,-1,6,0,1,0,1,1,0,1,1,0,0,0,0,0,0,0,0,0,0,0,0,0,0,0,0,0,0,0,0,0,0,1,0,\N
175,象牙塔長弓,$3283,$3283,bow,1,wood,40000,278,12,1324,2,2,-1,6,1,1,1,1,1,0,1,0,1,0,0,0,0,0,0,0,0,0,0,0,0,0,0,0,0,0,0,0,0,0,1,0,\N
176,拉斯塔巴德弓,$2907,$2907,bow,1,steel,50000,1326,3423,1081,2,2,-1,6,1,1,0,1,0,0,1,2,2,0,0,0,0,0,0,0,0,0,0,0,0,0,0,0,0,0,0,0,0,1,1,0,\N
177,幽暗 十字弓,$2453 $784,$2453 $784,bow,1,steel,40000,1066,2918,853,3,2,-1,6,0,0,0,1,1,0,1,5,2,0,0,0,0,0,0,0,0,0,0,0,0,0,0,0,0,0,0,0,0,1,1,0,\N
178,寂靜十字弓,$3792,$3792,bow,0,wood,50000,1873,4761,1809,3,2,-1,6,0,0,0,1,0,0,1,1,1,0,0,0,0,0,0,0,0,0,0,0,0,0,0,0,0,0,0,0,0,1,1,0,\N
179,古代妖精弩槍,$2771,$2771,bow,0,wood,30000,1251,3313,1005,3,3,-1,6,0,0,0,1,0,0,0,1,2,0,0,1,0,0,0,0,0,0,0,0,0,0,0,0,0,0,0,0,0,1,1,0,\N
180,十字弓,$784,$784,bow,1,wood,50000,305,12,0,3,2,-1,6,0,1,0,1,1,0,1,3,2,0,0,0,0,0,0,0,0,0,0,0,0,0,0,0,0,0,0,0,0,1,1,0,\N
181,尤米弓,$105,$105,bow,1,wood,40000,123,12,0,3,3,-1,6,0,0,0,1,0,0,1,0,3,0,0,0,0,0,0,0,0,0,0,0,0,0,0,0,0,0,0,0,0,1,1,0,\N
182,古老的弩槍,$1952,$1952,bow,0,wood,30000,896,12,673,3,3,-1,6,0,0,0,1,1,0,1,5,2,0,0,0,0,0,0,0,0,0,0,0,0,0,0,0,0,0,45,0,0,1,1,0,\N
183,幻象之弓,$1999,$1999,bow,1,wood,40000,931,12,0,3,3,-1,4,1,1,1,1,0,0,0,0,0,0,0,0,0,0,0,0,0,0,0,0,0,0,0,0,0,0,0,0,0,1,1,0,\N
184,赤焰之弓,$2352,$2352,bow,1,silver,30000,1018,12,789,3,3,-1,6,0,0,0,1,0,0,0,2,4,0,0,0,0,0,0,0,0,0,0,0,0,0,0,0,0,0,50,0,0,0,1,0,\N
185,惡魔十字弓,$3374,$3374,bow,0,steel,30000,1719,4316,1410,3,3,-1,6,0,0,0,1,0,0,0,2,4,0,0,0,0,0,0,0,0,0,0,0,0,1,0,0,0,0,0,0,0,1,1,0,\N
186,狄亞得十字弓,$3112,$3112,bow,1,wood,50000,1513,3735,1200,3,3,-1,6,0,0,0,1,1,0,1,2,1,0,0,1,0,0,0,0,0,0,0,0,0,0,0,0,0,0,0,0,0,1,1,0,\N
187,拉斯塔巴德十字弓,$2915,$2915,bow,1,wood,70000,1336,3436,1082,3,3,-1,6,0,0,0,1,1,0,0,2,2,0,0,0,0,0,0,0,0,0,0,0,0,0,0,0,0,0,0,0,0,1,1,0,\N
188,拉斯塔巴德重十字弓,$2908,$2908,bow,1,wood,100000,1328,3424,1083,3,3,-1,6,0,0,0,1,0,0,1,2,3,0,0,0,0,0,0,0,0,0,0,0,0,0,0,0,0,0,0,0,0,1,1,0,\N
189,暗黑十字弓,$2457,$2457,bow,1,platinum,50000,1080,2920,856,4,3,-1,6,0,0,0,1,1,0,1,4,6,0,0,0,0,0,0,0,0,0,0,0,0,0,0,0,0,0,0,0,0,1,1,0,\N
190,沙哈之弓,$1821,$1821,bow,1,wood,30000,705,12,0,4,4,-1,6,0,0,0,1,0,0,0,2,5,0,0,0,0,0,0,0,0,0,0,0,0,0,0,0,0,0,0,0,0,1,1,0,\N
191,水之豎琴,$2266,$2266,bow,1,orichalcum,30000,2005,5055,1705,5,5,-1,6,0,0,0,1,0,0,0,8,8,0,0,0,0,0,0,0,0,0,0,0,0,0,0,0,0,0,52,0,0,1,1,0,\N
192,水精靈之弓,$2252,$2252,bow,1,wood,5000,1008,12,771,10,9,-1,-1,0,0,0,1,0,0,0,0,0,0,0,0,0,0,0,0,0,0,0,0,0,0,0,0,0,0,50,0,0,0,1,0,\N
193,鐵手甲,$2464,$2464,gauntlet,0,steel,20000,1095,2921,868,2,2,-1,6,0,0,0,0,1,1,0,1,0,0,0,0,0,0,0,0,0,0,0,0,0,0,0,0,0,0,0,0,0,1,1,0,\N
194,真鐵手甲,$2626,$2626,gauntlet,0,steel,40000,1095,2921,868,2,2,-1,6,0,0,0,0,1,1,0,3,1,0,0,0,0,0,0,0,0,0,0,0,0,0,0,0,0,0,0,0,0,1,1,0,\N
195,受詛咒的真‧冥皇執行劍,$4338,$4338,sword,0,iron,100000,1341,3441,0,19,22,1,6,1,1,1,1,1,0,0,4,0,0,0,0,0,0,0,0,0,-30,0,0,0,0,0,0,0,0,50,0,0,1,1,0,\N
196,炎魔雙手劍一階,$9229,$9229,twohandsword,1,blackmithril,60000,2268,5426,0,6,8,1,0,1,1,0,0,0,1,0,1,4,0,0,0,0,0,0,0,0,0,0,0,0,0,0,0,0,1,0,0,0,0,1,0,\N
197,炎魔雙手劍二階,$9230,$9230,twohandsword,1,blackmithril,60000,2268,5426,0,7,9,1,0,1,1,0,0,0,1,0,2,5,0,0,0,0,0,0,0,0,0,0,0,0,0,0,0,0,1,0,0,0,0,1,0,\N
198,炎魔雙手劍三階,$9231,$9231,twohandsword,1,blackmithril,60000,2268,5426,0,8,10,1,0,1,1,0,0,0,1,0,3,6,0,0,0,0,0,0,0,0,0,0,0,0,0,0,0,0,1,0,0,0,0,1,0,\N
199,炎魔雙手劍四階,$9232,$9232,twohandsword,1,blackmithril,60000,2268,5426,0,9,11,1,0,1,1,0,0,0,1,0,4,7,0,0,0,0,0,0,0,0,0,0,0,0,0,0,0,0,1,0,0,0,0,1,0,\N
200,炎魔雙手劍五階,$9233,$9233,twohandsword,1,blackmithril,60000,2268,5426,0,10,12,1,0,1,1,0,0,0,1,0,5,8,0,0,0,0,0,0,0,0,0,0,0,0,0,0,0,0,1,0,0,0,0,1,0,\N
201,炎魔雙手劍六階,$9234,$9234,twohandsword,1,blackmithril,60000,2268,5426,0,11,13,1,0,1,1,0,0,0,1,0,6,9,0,0,0,0,0,0,0,0,0,0,0,0,0,0,0,0,1,0,0,0,0,1,0,\N
202,炎魔雙手劍七階,$9235,$9235,twohandsword,1,blackmithril,60000,2268,5426,0,12,14,1,0,1,1,0,0,0,1,0,7,10,0,0,0,0,0,0,0,0,0,0,0,0,0,0,0,0,1,0,0,0,0,1,0,\N
203,炎魔雙手劍八階,$9236,$9236,twohandsword,1,blackmithril,60000,2268,5426,0,13,15,1,0,1,1,0,0,0,1,0,8,11,0,0,0,0,0,0,0,0,0,0,0,0,0,0,0,0,1,0,0,0,0,1,0,\N
204,深紅之弩,$4387,$4387,bow,1,iron,25000,2230,5601,2103,3,3,-1,6,0,0,0,1,0,0,0,1,0,0,0,0,0,0,0,0,0,0,0,0,0,0,0,0,0,0,40,0,0,1,1,0,\N
205,熾炎天使弓,$4350,$4350,bow,1,wood,25000,2168,5402,0,3,3,-1,6,0,0,0,1,0,0,0,4,4,0,0,0,0,0,0,0,0,0,0,0,0,0,0,0,0,0,0,0,0,1,1,0,\N
206,黑暗妖精之劍,$2536,$2536,sword,0,iron,40000,1145,2981,0,7,8,1,0,0,0,0,0,1,0,0,0,0,0,0,0,0,0,0,0,0,0,0,0,0,0,0,0,0,1,0,0,0,1,1,0,\N
207,煉獄鋼爪,$4384,$4384,claw,1,blackmithril,50000,2225,5605,2100,14,12,1,0,0,0,0,0,1,0,0,-5,4,0,0,0,0,0,0,0,0,0,0,0,0,0,33,0,0,0,0,0,0,1,1,0,\N
208,魔法精靈短劍,$803,$803,sword,0,mithril,20000,325,26,286,8,8,1,6,1,1,1,1,1,1,0,0,0,0,0,0,0,0,0,-15,0,0,0,1,0,0,0,0,0,1,15,0,0,1,1,0,\N
209,體質精靈短劍,$1098,$1098,sword,0,mithril,20000,325,26,346,8,8,1,6,1,1,1,1,1,1,0,0,0,0,1,0,0,0,0,0,0,0,0,0,0,0,0,0,0,1,15,0,0,1,1,0,\N
210,守護者之矛,$4429,$4429,spear,1,platinum,50000,2200,5504,0,11,26,2,6,1,1,1,1,0,0,0,3,0,0,0,0,0,0,0,80,0,0,0,0,0,0,0,0,0,0,0,0,0,0,1,0,\N
211,獨角獸之角,$103,$103,spear,0,bone,100000,113,5,0,12,12,2,6,1,0,0,1,0,0,0,0,0,0,0,0,0,0,0,0,0,0,0,0,0,0,0,0,0,1,0,0,0,1,1,0,\N
212,海神三叉戟,$4385,$4385,spear,1,iron,40000,2226,5607,2101,20,22,2,6,1,1,0,0,0,0,0,4,1,0,0,0,0,0,0,0,0,0,0,0,0,0,0,0,0,0,0,0,0,1,1,0,\N
213,吉爾塔斯魔杖,$4376,$4376,staff,1,blackmithril,100000,2161,5404,0,15,15,1,0,0,0,1,0,0,0,0,0,0,0,0,0,2,2,0,0,0,0,15,0,0,0,0,0,0,0,0,0,0,1,1,0,\N
214,%i‧妖精弓,$3997,$3997,bow,1,wood,30000,18,12,1852,3,3,-1,6,0,0,0,1,0,0,0,2,2,0,0,0,0,0,0,0,0,0,0,0,0,0,0,0,0,0,0,0,0,1,1,0,\N
215,敏捷精靈弓,$1099,$1099,bow,1,wood,30000,18,12,347,2,2,-1,6,1,1,1,1,0,0,1,0,1,0,0,1,0,0,0,0,0,0,0,0,0,0,0,0,0,0,15,0,0,1,1,0,\N
216,妖精之弓,$1766,$1766,bow,1,wood,30000,18,12,0,2,2,-1,0,0,0,0,1,0,0,0,0,1,0,0,0,0,0,0,0,0,0,0,0,0,0,0,0,0,0,0,0,0,1,1,0,\N
217,吉爾塔斯之劍,$4375,$4375,twohandsword,1,blackmithril,100000,2160,5316,0,43,53,1,0,0,1,0,0,0,0,0,7,30,2,1,0,0,0,2,0,0,0,0,0,0,0,0,0,0,0,0,0,0,1,1,0,\N
218,安加斯的釘錘,$4442,$4442,blunt,1,platinum,120000,2213,5493,0,26,26,1,6,1,1,0,0,0,1,1,0,0,0,0,0,0,0,0,0,0,0,0,0,0,1,0,0,0,0,0,0,0,0,1,0,\N
219,馬普勒之斧,$2208,$2208,blunt,1,iron,250000,1145,2981,0,16,18,1,6,1,1,0,0,0,0,0,0,0,0,0,0,0,0,0,0,0,0,0,0,0,0,0,0,0,0,0,0,0,1,1,0,\N
220,法師之杖,$1770,$1770,staff,0,wood,60000,1145,2981,0,4,5,1,0,0,0,0,0,0,0,0,0,0,0,0,0,0,0,0,0,0,0,0,0,0,0,0,0,0,0,0,0,0,1,1,0,\N
223,神秘魔杖,$2079,$2079,staff,0,wood,11000,1145,2981,0,0,0,1,0,0,0,1,0,0,0,0,0,0,0,0,0,0,0,0,0,0,0,0,0,0,0,0,0,0,0,0,0,0,1,1,0,\N
224,象牙塔魔杖,$3285,$3285,staff,0,wood,15000,83,75,1326,2,2,1,6,0,0,1,0,0,0,1,0,0,0,0,0,0,0,0,0,0,0,3,0,0,0,0,0,0,0,0,0,0,1,1,0,\N
225,王族之劍,$1762,$1762,sword,0,iron,40000,1145,2981,0,7,8,1,0,1,0,0,1,0,0,0,0,0,0,0,0,0,0,0,0,0,0,0,0,0,0,0,0,0,1,0,0,0,1,1,0,\N
226,騎士之劍,$2293,$2293,sword,0,iron,40000,1145,2981,0,8,8,1,0,0,1,0,0,0,0,0,0,0,0,0,0,0,0,0,0,0,0,0,0,0,0,0,0,0,1,0,0,0,1,1,0,\N
228,傳說的匕首,$3612,$3612,dagger,0,silver,30000,1795,4413,0,8,8,1,6,1,1,1,1,1,0,0,0,0,0,0,0,0,0,0,0,0,0,0,0,0,0,0,0,0,0,0,0,0,1,1,0,\N
231,蒼天匕首,$5122,$5122,dagger,0,steel,40000,2524,68,0,8,6,1,-1,1,1,1,1,1,0,0,12,5,0,0,0,0,0,0,0,0,0,0,0,0,0,0,0,0,1,0,0,0,0,1,0,10d
232,蒼天之劍,$5117,$5117,sword,0,steel,20000,2523,26,0,12,12,1,-1,1,1,0,1,0,1,0,2,5,0,0,0,0,0,0,0,0,0,0,0,0,0,0,0,0,1,0,0,0,0,1,0,10d
233,蒼天巨劍,$5118,$5118,twohandsword,1,steel,90000,2525,82,0,18,20,1,-1,1,1,0,0,0,1,0,1,6,0,0,0,0,0,0,0,0,0,0,0,0,0,0,0,0,1,0,0,0,0,1,0,10d
234,蒼天長矛,$5121,$5121,spear,0,steel,90000,2529,27,0,12,14,2,-1,1,1,0,0,0,0,0,0,5,0,0,0,0,0,0,0,0,0,0,0,0,0,0,0,0,1,0,0,0,0,1,0,10d
235,蒼天巨斧,$5119,$5119,blunt,0,steel,80000,2526,2,0,14,10,1,-1,1,1,0,0,0,1,1,0,5,0,0,0,0,0,0,0,0,0,0,0,0,0,0,0,0,1,0,0,0,0,1,0,10d
236,蒼天雙刀,$5123,$5123,dualsword,1,steel,60000,2527,2923,0,16,10,1,-1,0,0,0,0,1,0,0,2,5,0,0,0,0,0,0,0,0,0,0,0,0,0,25,0,0,0,0,0,0,0,1,0,10d
237,蒼天鋼爪,$5124,$5124,claw,1,steel,60000,2530,2914,0,18,14,1,-1,0,0,0,0,1,0,0,0,6,0,0,0,0,0,0,0,0,0,0,0,0,0,33,0,0,0,0,0,0,0,1,0,10d
238,蒼天魔杖,$5125,$5125,staff,0,steel,80000,2528,75,0,8,5,1,-1,0,0,1,0,0,0,1,0,5,0,0,0,0,0,0,0,0,0,8,1,0,0,0,0,0,0,0,0,0,0,1,0,10d
239,蒼天之弓,$5120,$5120,bow,1,steel,60000,2531,12,0,3,3,-1,-1,1,0,0,1,0,0,1,2,8,0,0,0,0,0,0,0,0,0,0,0,0,0,0,0,0,0,0,0,0,0,1,0,10d
240,蒼天鐵手甲,$5126,$5126,gauntlet,0,steel,60000,2522,2921,868,3,3,-1,-1,0,0,0,0,1,0,0,4,5,0,0,0,0,0,0,0,0,0,0,0,0,0,0,0,0,0,0,0,0,0,1,0,10d
241,歷戰之劍,歷戰之劍,歷戰之劍,sword,0,orichalcum,60000,902,26,0,10,12,1,-1,1,1,1,1,1,1,1,4,7,0,0,0,0,0,0,0,0,0,0,0,0,0,0,0,0,0,0,0,0,1,1,0,\N
242,歷戰十字弓,歷戰十字弓,歷戰十字弓,bow,0,orichalcum,50000,1873,4761,0,3,2,-1,-1,0,0,0,1,0,0,0,3,8,0,0,0,0,0,0,0,0,0,0,0,0,0,0,0,0,0,0,0,0,1,1,0,\N
243,歷戰魔杖,歷戰魔杖,歷戰魔杖,staff,0,orichalcum,15000,291,75,0,1,1,1,-1,0,0,1,0,0,0,0,0,0,0,0,0,0,0,0,0,0,0,10,0,0,0,0,0,0,0,0,0,0,1,1,0,\N
244,歷戰鋼爪,歷戰鋼爪,歷戰鋼爪,claw,1,steel,30000,1065,2910,0,17,15,1,-1,0,0,0,0,1,0,0,4,10,0,0,0,0,0,0,0,0,0,0,0,0,0,33,0,0,0,0,0,0,1,1,0,\N
245,精靈叮叮鎚,$4962,$4962,blunt,0,leather,50000,2509,6008,0,1,1,1,6,1,1,1,1,1,1,1,0,0,0,0,0,0,0,0,0,0,0,0,0,0,0,0,0,0,0,0,0,0,1,1,0,\N
246,試煉之劍A,$4023,$4023,sword,0,iron,40000,932,3963,1866,10,10,1,5,1,1,1,1,1,1,1,0,0,0,0,0,0,0,0,0,0,0,0,0,0,0,0,0,0,0,0,0,0,0,1,0,\N
247,試煉之劍B,$4024,$4024,sword,0,iron,40000,932,3963,1867,10,10,1,5,1,1,1,1,1,1,1,0,0,0,0,0,0,0,0,0,0,0,0,0,0,0,0,0,0,0,0,0,0,0,1,0,\N
248,試煉之劍C,$4025,$4025,sword,0,iron,40000,932,3963,1868,10,10,1,5,1,1,1,1,1,1,1,0,0,0,0,0,0,0,0,0,0,0,0,0,0,0,0,0,0,0,0,0,0,0,1,0,\N
249,試煉之劍D,$4026,$4026,sword,0,iron,40000,932,3963,1869,10,10,1,5,1,1,1,1,1,1,1,0,0,0,0,0,0,0,0,0,0,0,0,0,0,0,0,0,0,0,0,0,0,0,1,0,\N
250,幻象短劍,$4250,$4250,dagger,0,iron,5000,1317,3370,0,16,4,1,4,1,1,1,1,1,0,0,5,5,0,0,0,0,0,0,0,0,0,0,0,0,0,0,0,0,1,0,0,0,1,1,0,\N
251,幻象巨劍,$4249,$4249,twohandsword,1,steel,5000,1016,4764,0,14,26,1,4,1,1,0,0,0,0,0,5,5,0,0,0,0,0,0,0,0,0,0,0,0,0,0,0,0,1,0,0,0,1,1,0,\N
252,幻象之矛,$4252,$4252,spear,0,steel,5000,50,5,0,10,10,2,4,1,1,1,1,0,0,0,5,5,0,0,0,0,0,0,0,0,0,0,0,0,0,0,0,0,1,0,0,0,1,1,0,\N
253,幻象之弓,$4255,$4255,blunt,0,steel,5000,1658,4257,0,12,15,1,4,1,1,0,1,0,0,0,0,2,0,0,0,0,0,0,0,0,0,0,0,0,0,0,0,0,1,0,0,0,1,1,0,\N
254,幻象雙刀,$4254,$4254,dualsword,1,steel,5000,1656,4256,0,15,10,1,4,0,0,0,0,1,0,0,0,3,0,0,0,0,0,0,0,0,0,0,0,0,0,25,0,0,1,0,0,0,1,1,0,\N
255,幻象魔杖,$4251,$4251,staff,0,steel,5000,1654,4255,0,13,13,1,4,0,0,1,0,0,0,0,5,5,0,0,0,0,0,0,0,0,0,0,0,0,0,0,0,0,0,0,0,0,1,1,0,\N
256,萬聖節南瓜長劍,$5254,$5254,sword,0,wood,35000,2651,6401,2791,10,10,1,6,1,1,1,1,1,1,0,3,1,0,0,0,0,0,0,0,0,0,0,0,0,0,0,0,0,0,0,0,0,1,1,0,\N
257,萬聖節南瓜長劍,$5254,$5254,sword,0,wood,35000,2651,6401,6028,10,10,1,6,1,1,1,1,1,1,0,0,1,0,0,0,0,0,0,0,0,0,0,0,0,0,0,0,0,1,0,0,0,1,1,0,\N
258,終極萬聖節南瓜長劍,終極萬聖節南瓜長劍,終極萬聖節南瓜長劍,sword,0,wood,35000,3233,6401,6030,8,8,1,6,1,1,1,1,1,1,0,0,3,0,0,0,0,0,0,0,0,0,0,0,0,0,0,0,0,0,0,0,0,1,1,0,\N
259,魔力短劍,$5486,$5486,dagger,0,mithril,30000,2913,6736,3015,6,4,1,6,1,1,1,1,1,0,0,0,1,1,0,0,0,0,0,0,1,0,0,0,0,0,0,0,0,0,0,0,0,1,1,0,\N
260,狂風之斧,$5487,$5487,blunt,1,steel,130000,2909,6734,3016,23,23,1,6,0,1,0,0,0,1,1,0,2,0,0,0,0,0,0,0,0,0,0,0,0,0,0,0,0,0,0,0,0,1,1,0,\N
261,大法師魔杖,$5489,$5489,staff,0,silver,20000,2915,6737,3018,12,12,1,6,0,0,1,0,0,0,1,0,0,0,0,0,1,0,0,0,0,0,4,0,0,0,0,0,0,0,0,0,0,1,1,0,\N
262,毀滅巨劍,$5488,$5488,twohandsword,1,steel,150000,2917,6738,3017,25,25,1,6,1,1,0,0,0,1,0,0,3,0,0,0,0,0,0,0,0,0,0,0,0,0,0,0,0,0,0,0,0,1,1,0,\N
263,酷寒之矛,$5490,$5490,spear,0,steel,80000,2919,6739,3019,15,15,2,6,1,1,0,1,0,0,0,0,1,0,0,0,0,0,0,0,0,0,0,0,0,0,0,0,0,0,0,0,0,1,1,0,\N
264,雷雨之劍,$5491,$5491,sword,0,blackmithril,40000,2911,6735,3020,13,12,1,6,1,1,0,1,1,1,0,1,1,0,0,0,0,0,0,0,0,0,0,0,0,0,0,0,0,0,0,0,0,1,1,0,\N
265,底比斯歐西里斯雙刀,$5718,$5718,dualsword,1,gold,30000,3049,6957,3263,16,11,1,6,0,0,0,0,1,0,0,0,1,0,0,1,0,1,0,0,0,0,0,0,0,0,30,0,0,0,0,0,0,1,1,0,\N
266,底比斯歐西里斯雙手劍,$5719,$5719,twohandsword,1,gold,100000,3047,6956,3264,21,26,1,6,1,1,0,0,0,1,0,5,0,1,2,0,0,0,0,0,0,0,0,0,0,0,0,0,0,1,0,0,0,1,1,0,\N
267,底比斯歐西里斯弓,$5720,$5720,bow,1,gold,5000,3053,6959,3265,3,3,-1,6,0,0,0,1,0,0,0,0,1,0,0,0,2,1,0,0,0,0,0,0,0,0,0,0,0,0,0,0,0,1,1,0,\N
268,底比斯歐西里斯魔杖,$5721,$5721,staff,1,gold,5000,3051,6958,3266,20,18,1,6,0,0,1,0,0,0,1,0,3,2,0,0,0,0,0,0,0,0,7,2,0,0,0,0,0,0,0,0,0,1,1,0,\N
269,幻術士魔杖,$5661,$5661,staff,0,wood,15000,3016,6966,0,10,10,1,6,0,0,0,0,0,0,1,3,0,0,0,0,0,0,0,0,0,0,5,0,0,0,0,0,0,0,0,0,0,1,1,0,\N
270,藍寶石奇古獸,$5662,$5662,kiringku,0,gemstone,10000,3018,6939,0,26,26,1,6,0,0,0,0,0,0,1,0,0,0,0,0,0,0,0,0,20,0,0,0,0,0,0,0,0,0,50,0,0,1,1,0,\N
271,黑曜石奇古獸,$5663,$5663,kiringku,0,gemstone,10000,3020,6967,0,24,24,1,6,0,0,0,0,0,0,1,0,0,0,0,0,0,1,0,0,0,0,0,1,0,0,0,0,0,0,0,0,0,1,1,0,\N
272,消滅者鎖鏈劍,$5668,$5668,chainsword,1,silver,100000,3033,6940,0,17,10,2,6,0,0,0,0,0,1,0,5,3,0,0,0,0,0,0,0,0,0,0,0,0,0,0,18,0,0,50,0,0,1,1,0,\N
273,破滅者鎖鏈劍,$5669,$5669,chainsword,1,iron,110000,3056,6962,0,21,17,2,6,0,0,0,0,0,1,0,5,3,1,0,0,0,0,0,0,0,0,0,0,0,0,0,18,0,0,0,0,0,1,1,0,\N
274,反王肯恩的權杖,$5631,$5631,staff,0,gold,40000,1020,781,3173,16,12,1,-1,0,0,0,0,0,0,1,5,2,0,0,0,0,0,0,0,0,0,0,0,0,0,0,0,0,0,0,0,0,0,1,0,\N
275,龍騎士雙手劍,$5664,$5664,twohandsword,1,iron,80000,3022,6940,3219,19,17,1,6,0,0,0,0,0,1,0,4,2,0,0,0,0,0,0,0,0,0,0,0,0,0,0,0,0,1,0,0,0,1,1,0,\N
276,惡元素奇古獸,$7941,$7941,kiringku,0,blackmithril,35000,3717,6939,0,28,28,1,0,0,0,0,0,0,0,1,0,0,0,0,0,0,0,0,0,0,0,3,0,0,0,0,0,0,0,0,0,0,1,1,0,\N
277,惡元素鎖鏈劍,$7940,$7940,chainsword,0,blackmithril,35000,3713,6940,0,24,16,2,0,0,0,0,0,0,1,0,5,0,0,0,0,0,0,0,0,0,5,0,0,0,0,0,18,0,0,0,0,0,1,1,0,\N
278,惡元素鋼爪,$7939,$7939,claw,1,blackmithril,35000,3715,3850,0,27,25,1,0,0,0,0,0,1,0,0,0,0,0,0,0,0,0,0,0,0,1,1,0,0,0,33,0,0,0,0,0,0,1,1,0,\N
279,惡元素魔杖,$7938,$7938,staff,0,blackmithril,3500,3719,6737,0,12,12,1,0,0,0,1,0,0,0,0,0,0,0,0,0,0,0,0,0,0,0,8,2,0,0,0,0,0,0,0,0,0,1,1,0,\N
280,惡元素之弓,$7937,$7937,bow,1,blackmithril,25000,3711,5402,0,3,3,-1,0,0,0,0,1,0,0,0,0,5,0,0,0,0,0,0,0,0,0,0,0,0,0,0,0,0,0,0,0,0,1,1,0,\N
281,惡元素之劍,$7936,$7936,sword,0,blackmithril,35000,3709,26,0,17,19,1,0,1,1,0,1,0,0,0,0,0,0,0,0,0,0,0,0,0,3,0,0,0,0,0,0,0,0,0,0,0,1,1,0,\N
282,提卡爾庫庫爾坎之矛,$6428,$6428,spear,1,iron,100000,3330,5607,0,24,20,2,6,1,1,0,0,0,0,0,5,0,0,0,2,0,0,0,0,0,0,0,0,5,0,0,0,0,1,0,0,0,1,1,0,\N
283,提卡爾庫庫爾坎鐵手甲,$6429,$6429,gauntlet,0,wood,20000,3324,2921,0,3,3,-1,6,0,0,0,0,1,1,0,0,4,0,0,1,0,0,0,30,0,0,0,0,2,0,0,0,0,1,0,0,0,1,1,0,\N
284,艾爾摩短劍,$5828,$5828,dagger,0,mithril,30000,3139,4118,0,5,6,1,-1,1,1,1,1,1,0,0,3,8,1,0,0,0,0,0,0,0,1,0,0,0,0,0,0,0,1,0,0,0,0,1,0,100h
285,艾爾摩單手劍,$5829,$5829,sword,0,iron,40000,3133,26,0,13,15,1,-1,1,1,0,1,0,1,0,5,6,1,0,0,0,0,0,0,0,0,0,0,0,0,0,0,0,1,0,0,0,0,1,0,100h
286,艾爾摩雙手劍,$5830,$5830,twohandsword,1,iron,60000,3135,82,0,17,20,1,-1,1,1,0,0,0,1,0,0,10,0,0,0,0,0,0,0,0,0,0,0,0,0,0,0,0,1,0,0,0,0,1,0,100h
287,艾爾摩鋼爪,$5832,$5832,claw,1,iron,60000,3145,2914,0,17,16,1,-1,0,0,0,0,1,0,0,4,7,0,0,0,0,0,0,0,0,0,0,0,0,0,33,0,0,0,0,0,0,0,1,0,100h
288,艾爾摩魔杖,$5833,$5833,staff,1,blackmithril,60000,3143,75,0,7,4,1,-1,0,0,1,0,0,0,1,5,7,0,0,0,0,0,0,0,0,0,5,3,0,0,0,0,0,0,0,0,0,0,1,0,100h
289,艾爾摩弩槍,$5831,$5831,bow,0,wood,30000,3141,12,0,3,2,-1,-1,0,0,0,1,1,0,1,4,8,0,0,0,0,0,0,0,0,0,0,0,0,0,0,0,0,0,0,0,0,0,1,0,100h
290,艾爾摩鎖鏈劍,$6405,$6405,chainsword,1,iron,60000,3301,6940,0,18,15,2,-1,0,0,0,0,0,1,0,5,9,0,0,1,0,0,0,0,0,2,0,0,0,0,0,18,0,0,0,0,0,0,1,0,100h
291,艾爾摩奇古獸,$6406,$6406,kiringku,1,blackmithril,20000,3303,6967,0,33,33,1,-1,0,0,0,0,0,0,1,0,0,0,0,0,0,0,0,0,35,0,3,0,0,0,0,0,0,0,0,0,0,0,1,0,100h
292,[日本] 9週年紀念劍,$10738,$10738,sword,0,platinum,35000,4681,8996,0,11,14,1,6,1,1,0,1,0,1,0,3,0,0,0,0,0,0,0,30,0,0,0,0,0,0,0,0,0,1,0,0,0,0,1,0,\N
293,[日本] 9週年紀念 鋼爪,$10741,$10741,claw,1,platinum,35000,4687,8999,0,20,18,1,6,0,0,0,0,1,0,0,3,0,0,0,0,0,0,0,0,0,1,0,0,0,0,33,0,0,0,0,0,0,0,1,0,\N
294,[日本] 9週年紀念 鎖鏈劍,$10740,$10740,chainsword,1,platinum,35000,4693,9239,0,16,11,2,6,0,0,0,0,0,1,0,3,0,0,0,0,0,0,0,0,0,0,0,0,0,0,0,18,0,1,0,0,0,0,1,0,\N
295,[日本] 9週年紀念 魔法杖,$10739,$10739,staff,0,platinum,35000,4685,8998,0,9,9,1,6,0,0,1,0,0,0,1,3,0,0,0,0,0,0,0,0,0,0,3,1,0,0,0,0,0,0,0,0,0,0,1,0,\N
296,[日本] 9週年紀念 弓,$10743,$10743,bow,0,platinum,35000,4683,8997,0,3,3,-1,6,1,0,1,1,0,0,1,3,0,0,0,0,0,0,0,0,0,0,0,0,0,0,0,0,0,0,0,0,0,0,1,0,\N
297,[日本] 9週年紀念 奇古獸,$10742,$10742,kiringku,0,platinum,35000,4695,9238,0,21,21,1,6,0,0,0,0,0,0,1,3,0,0,0,0,0,0,0,0,0,0,1,1,0,0,0,0,0,0,0,0,0,0,1,0,\N
298,[日本]10週年紀念 雙手劍,[日本]10週年紀念 雙手劍,[日本]10週年紀念 雙手劍,twohandsword,1,platinum,40000,2750,3266,0,23,24,1,-1,0,1,0,0,0,1,0,1,5,0,0,0,0,0,0,0,0,0,0,0,0,0,0,0,0,0,0,0,0,0,1,0,\N
299,[日本]10週年紀念 矛,[日本]10週年紀念 矛,[日本]10週年紀念 矛,spear,1,platinum,20000,2758,3265,0,25,25,2,-1,1,0,0,0,0,0,0,4,0,0,0,0,0,0,0,0,0,0,0,0,0,0,0,0,0,0,0,0,0,0,1,0,\N
300,[日本]10週年紀念 雙刀,[日本]10週年紀念 雙刀,[日本]10週年紀念 雙刀,dualsword,1,platinum,20000,2764,4256,0,16,14,1,-1,0,0,0,0,1,0,0,2,3,0,0,0,0,0,0,0,0,0,0,0,0,0,25,0,0,0,0,0,0,0,1,0,\N
301,[日本]10週年紀念 魔杖,[日本]10週年紀念 魔杖,[日本]10週年紀念 魔杖,staff,0,platinum,20000,2756,3314,0,12,12,1,-1,0,0,1,0,0,0,1,0,2,0,0,0,0,0,0,0,0,0,5,2,0,0,0,0,0,0,0,0,0,0,1,0,\N
302,[日本]10週年紀念 弓,[日本]10週年紀念 弓,[日本]10週年紀念 弓,bow,1,platinum,10000,2761,3313,0,3,3,-1,-1,0,0,0,0,1,0,0,1,6,0,0,0,0,0,0,0,0,0,0,0,0,0,0,0,0,0,0,0,0,0,1,0,\N
303,幸運的巨斧,幸運的巨斧,幸運的巨斧,blunt,1,platinum,150000,5534,4257,0,30,28,1,6,1,1,0,0,0,1,1,0,0,0,0,0,0,0,0,0,0,0,0,0,0,0,0,0,0,0,0,0,0,1,1,0,\N
304,隱藏的魔族之劍,$8824,$8824,sword,0,blackmithril,35000,3709,7811,0,23,25,1,0,1,1,0,1,0,1,0,3,0,0,0,0,0,0,0,30,0,0,0,0,0,0,0,0,0,0,0,0,1,1,1,0,\N
305,隱藏的魔族弓箭,$8825,$8825,bow,0,blackmithril,35000,3711,7808,0,2,2,-1,0,1,0,1,1,0,0,1,3,6,0,0,0,0,0,0,0,0,0,0,0,0,0,0,0,0,0,0,0,1,1,0,0,\N
306,隱藏的魔族魔杖,$8826,$8826,staff,0,blackmithril,35000,3719,7814,0,15,16,1,0,0,0,1,0,0,0,1,3,0,0,0,0,0,0,0,0,0,0,3,1,0,0,0,0,0,0,0,0,1,1,1,0,\N
307,隱藏的魔族鋼爪,$8827,$8827,claw,0,blackmithril,35000,3715,7802,0,24,26,1,0,0,0,0,0,1,0,0,3,0,0,0,0,0,0,0,0,0,0,0,0,0,0,33,0,0,0,0,0,1,1,1,0,\N
308,隱藏的魔族鎖鏈劍,$8828,$8828,chainsword,1,blackmithril,35000,3713,7820,0,25,26,2,0,0,0,0,0,0,1,0,3,0,0,0,0,0,0,0,0,0,0,0,0,0,0,0,18,0,0,0,0,1,1,1,0,\N
309,隱藏的魔族奇古獸,$8829,$8829,kiringku,0,blackmithril,35000,3717,7817,0,28,28,1,0,0,0,0,0,0,0,1,3,0,0,0,0,0,0,0,0,0,0,1,1,0,0,0,0,0,0,0,0,1,1,1,0,\N
701,寒冰奇古獸,$12902,$12902,kiringku,0,blackmithril,35000,5125,10342,0,25,25,1,6,0,0,0,0,0,0,1,0,0,0,0,0,1,0,0,0,0,0,0,1,0,0,0,0,0,0,0,0,1,1,1,0,\N
702,寒冰鎖鏈劍,$12901,$12901,chainsword,1,blackmithril,80000,5123,10341,0,23,20,2,6,0,0,0,0,0,1,0,4,3,0,0,0,0,0,0,0,0,0,0,0,0,0,0,18,0,0,0,0,1,1,1,0,\N
703,冰之女王魔杖,$2990,$2990,staff,0,steel,80000,1239,3262,1094,2,3,1,6,0,0,1,0,0,0,1,3,0,0,0,0,0,0,0,0,0,0,0,0,0,0,0,0,0,0,0,0,1,1,1,0,\N
704,弒神者之弓,$3736,$3736,bow,1,gold,3000,2005,6959,0,3,4,-1,6,0,0,0,1,0,0,1,2,2,0,2,2,0,0,0,0,0,0,0,0,0,0,0,0,0,0,0,0,1,1,1,0,\N
705,破壞雙刀,破壞雙刀,破壞雙刀,dualsword,1,platinum,40000,3172,2928,0,16,10,1,6,0,0,0,0,1,0,0,6,1,1,0,0,0,2,0,0,0,0,0,0,0,0,33,0,0,0,0,0,0,1,1,0,\N
706,破壞鋼爪,破壞鋼爪,破壞鋼爪,claw,1,platinum,35000,3178,7802,0,19,18,1,6,0,0,0,0,1,0,0,6,1,1,0,0,0,2,0,0,0,0,0,0,0,0,33,0,0,0,0,0,0,1,1,0,\N
707,破壞的長弓,破壞的長弓,破壞的長弓,bow,1,gold,5000,3146,6959,3265,4,3,-1,6,0,0,0,1,0,0,1,7,5,0,0,0,0,0,0,0,0,0,0,0,0,0,0,0,0,0,0,0,0,1,1,0,\N
708,力量的南瓜魔杖,力量的南瓜魔杖,力量的南瓜魔杖,staff,0,wood,5000,3737,7839,0,14,12,1,6,0,0,1,0,0,0,1,2,2,1,0,0,2,0,0,50,20,0,0,2,0,0,0,0,0,0,0,0,0,1,1,0,\N
709,南瓜雙手劍,南瓜雙手劍,南瓜雙手劍,twohandsword,1,wood,5000,3233,6401,0,19,22,1,6,1,1,0,0,0,1,0,3,2,2,0,0,1,0,0,0,0,0,0,0,0,0,0,0,0,0,0,0,0,1,1,0,\N
710,南瓜長弓,南瓜長弓,南瓜長弓,bow,1,wood,5000,4963,7808,0,3,3,-1,6,1,0,1,1,0,0,1,1,3,0,1,2,0,0,0,0,0,0,0,0,0,0,0,0,0,0,0,0,0,1,1,0,\N
721,南瓜之劍,南瓜之劍,南瓜之劍,sword,0,wood,35000,3233,6401,0,12,10,1,6,1,1,1,1,1,1,0,3,1,1,0,0,1,0,0,0,0,0,0,0,0,0,0,0,0,0,0,0,0,1,1,0,\N
722,南瓜雙手劍,南瓜雙手劍,南瓜雙手劍,twohandsword,1,wood,5000,4994,6401,0,20,23,1,6,1,1,0,0,0,1,0,3,2,0,0,0,2,0,0,0,0,0,0,0,0,0,0,0,0,0,0,0,0,1,1,0,\N
723,南瓜長弓,南瓜長弓,南瓜長弓,bow,1,wood,5000,4963,7808,0,3,3,-1,6,1,0,1,1,0,0,1,1,3,0,2,1,0,0,0,0,0,0,0,0,0,0,0,0,0,0,0,0,0,1,1,0,\N
724,智力的南瓜魔杖,智力的南瓜魔杖,智力的南瓜魔杖,staff,0,wood,5000,5549,7839,0,8,8,1,6,0,0,1,0,0,0,1,3,0,0,0,0,2,0,0,0,50,0,2,0,0,0,0,0,0,0,0,0,0,1,1,0,\N
725,南瓜鎖鏈劍,南瓜鎖鏈劍,南瓜鎖鏈劍,chainsword,1,wood,5000,5530,10218,0,13,19,1,6,0,0,0,0,0,1,0,5,3,0,0,0,0,0,0,0,0,0,0,0,0,0,0,33,0,0,0,0,0,1,1,0,\N
726,南瓜奇古獸,南瓜奇古獸,南瓜奇古獸,kiringku,0,wood,5000,5532,7817,0,26,26,1,6,0,0,0,0,0,0,1,0,0,0,0,0,0,0,0,20,30,0,1,0,0,0,0,0,0,0,0,0,0,1,1,0,\N
727,南瓜鋼爪,南瓜鋼爪,南瓜鋼爪,claw,1,wood,5000,4961,10167,0,20,19,1,6,0,0,0,0,1,0,0,3,2,0,0,0,0,0,0,0,0,0,0,0,0,0,33,0,0,0,0,0,0,1,1,0,\N
728,冥想魔杖,冥想魔杖,冥想魔杖,staff,0,wood,35000,294,10862,0,1,1,1,6,0,0,1,0,0,0,1,0,0,0,0,0,0,0,0,0,0,0,0,0,0,0,0,0,0,0,0,0,0,1,1,0,\N
729,嗜血者鎖鏈劍,嗜血者鎖鏈劍,嗜血者鎖鏈劍,chainsword,1,platinum,35000,5438,10864,0,21,20,2,6,0,0,0,0,0,1,0,5,2,0,0,0,0,0,0,0,0,0,0,0,0,0,0,18,0,0,0,0,0,1,1,0,\N
100004,匕首,$70,$70,dagger,0,iron,10000,35,68,0,4,2,1,6,1,1,1,1,1,0,0,2,0,0,0,0,0,0,0,0,0,0,0,0,0,0,0,0,0,1,0,0,1,1,1,0,\N
100005,精靈匕首,$12,$12,dagger,0,mithril,10000,33,68,0,4,3,1,6,1,1,1,1,1,0,0,2,0,0,0,0,0,0,0,0,0,0,0,0,0,0,0,0,0,1,0,0,1,1,1,0,\N
100008,米索莉短劍,$3248,$3248,dagger,0,mithril,50000,1629,4112,1283,6,5,1,6,1,1,1,1,1,0,0,0,0,0,0,0,0,0,0,0,0,0,3,1,0,0,0,0,0,1,0,0,1,1,1,0,\N
100009,奧里哈魯根短劍,$3247,$3247,dagger,0,orichalcum,50000,1635,4118,1282,7,7,1,6,1,1,1,1,1,0,0,0,2,0,0,0,0,0,0,0,0,0,0,0,0,0,0,0,0,0,0,0,1,1,1,0,\N
100011,水晶短劍,$3867,$3867,dagger,0,silver,45000,1921,4982,0,10,4,1,6,1,1,1,1,1,0,0,0,1,0,0,0,0,0,0,0,0,0,0,0,0,0,0,0,0,1,0,0,1,1,1,0,\N
100025,銀劍,$1148,$1148,sword,0,silver,40000,156,26,0,7,7,1,6,1,1,1,1,1,1,0,0,0,0,0,0,0,0,0,0,0,0,0,0,0,0,0,0,0,1,0,0,1,1,1,0,\N
100026,小侏儒短劍,$97,$97,sword,0,iron,40000,103,26,0,7,8,1,6,1,1,1,1,1,1,0,0,0,0,0,0,0,0,0,0,0,0,0,0,0,0,0,0,0,1,0,0,1,1,1,0,\N
100027,彎刀,$92,$92,sword,0,iron,40000,90,76,0,8,8,1,6,1,1,1,1,1,1,0,0,0,0,0,0,0,0,0,0,0,0,0,0,0,0,0,0,0,1,0,0,1,1,1,0,\N
100028,精靈短劍,$98,$98,sword,0,mithril,20000,325,26,284,8,8,1,6,1,1,1,1,1,1,0,0,0,0,0,0,0,0,0,0,0,0,0,0,0,0,0,0,0,1,0,0,1,1,1,0,\N
100029,銀長劍,$1147,$1147,sword,0,silver,50000,163,356,0,8,12,1,6,1,1,1,1,1,1,0,0,0,0,0,0,0,0,0,0,0,0,0,0,0,0,0,0,0,1,0,0,1,1,1,0,\N
100037,大馬士革刀,$598,$598,sword,0,iron,45000,298,3,235,10,11,1,6,1,1,0,1,1,1,0,0,0,0,0,0,0,0,0,0,0,0,0,0,0,0,0,0,0,0,0,0,1,1,1,0,\N
100041,武士刀,$16,$16,sword,0,iron,40000,58,26,0,10,12,1,6,1,1,0,1,1,1,0,1,0,0,0,0,0,0,0,0,0,0,0,0,0,0,0,0,0,1,0,0,1,1,1,0,\N
100042,細劍,$789,$789,sword,0,orichalcum,60000,104,3,0,11,6,1,6,0,1,0,1,1,1,0,0,0,0,0,0,0,0,0,0,0,0,0,0,0,0,0,0,0,1,0,0,1,1,1,0,\N
100049,武官之刃,$3840,$3840,sword,0,iron,120000,1894,4955,0,13,10,1,6,1,1,0,1,0,1,0,1,2,0,0,0,0,0,0,0,0,0,0,0,0,0,0,0,0,1,0,0,1,1,1,0,\N
100052,雙手劍,$3,$3,twohandsword,1,iron,150000,4,59,0,17,21,1,6,1,1,0,0,0,1,0,0,3,0,0,0,0,0,0,0,0,0,0,0,0,0,0,0,0,1,0,0,1,1,1,0,\N
100057,瑟魯基之劍,$17,$17,sword,0,steel,120000,112,3,0,16,10,1,6,0,1,0,0,0,1,0,2,0,0,0,0,0,0,0,0,0,0,0,0,0,0,0,0,0,1,0,0,1,1,1,0,\N
100062,武官雙手劍,$3839,$3839,twohandsword,1,iron,150000,1893,4954,0,19,23,1,6,0,1,0,0,0,1,0,1,5,0,0,0,0,0,0,0,0,0,0,0,0,0,0,0,0,1,0,0,1,1,1,0,\N
100064,巨劍,$1048,$1048,twohandsword,1,iron,150000,463,3,0,20,17,1,6,1,1,0,0,0,1,0,0,3,0,0,0,0,0,0,0,0,0,0,0,0,0,0,0,0,1,0,0,1,1,1,0,\N
100074,銀光 雙刀,$2454 $2449,$2454 $2449,dualsword,1,silver,20000,1085,2926,849,11,8,1,6,0,0,0,0,1,0,0,3,0,0,0,0,0,0,0,0,0,0,0,0,0,0,25,0,0,1,0,0,1,1,1,0,\N
100084,暗黑雙刀,$2455,$2455,dualsword,1,platinum,40000,1078,2928,854,18,14,1,6,0,0,0,0,1,0,0,4,3,0,0,0,0,0,0,0,0,0,0,0,0,0,25,0,0,0,0,0,1,1,1,0,\N
100095,槍,$81,$81,spear,0,steel,180000,60,71,0,6,8,2,6,1,1,0,0,0,0,0,0,0,0,0,0,0,0,0,0,0,0,0,0,0,0,0,0,0,1,0,0,1,1,1,0,\N
100098,闊矛,$75,$75,spear,1,steel,75000,45,5,0,12,16,2,6,1,1,0,1,0,0,0,0,0,0,0,0,0,0,0,0,0,0,0,0,0,0,0,0,0,1,0,0,1,1,1,0,\N
100099,精靈之矛,$95,$95,spear,0,mithril,30000,99,5,0,7,8,2,6,1,1,1,1,0,0,0,0,0,0,0,0,0,0,0,0,0,0,0,0,0,0,0,0,0,1,0,0,1,1,1,0,\N
100102,露西錘,$83,$83,spear,1,steel,150000,66,5,0,15,17,2,6,1,1,0,0,0,0,0,3,0,0,0,0,0,0,0,0,0,0,0,0,0,0,0,0,0,0,0,0,1,1,1,0,\N
100103,戟,$77,$77,spear,1,steel,150000,50,5,0,16,12,2,6,1,1,0,0,0,0,0,0,0,0,0,0,0,0,0,0,0,0,0,0,0,0,0,0,0,0,0,0,1,1,1,0,\N
100107,深紅長矛,$3250,$3250,spear,1,mithril,100000,38,4119,1285,21,21,2,6,1,1,0,0,0,0,0,4,0,0,0,0,0,0,0,50,0,0,0,0,0,0,0,0,0,0,0,0,1,1,1,0,\N
100114,威嚴權杖,$4386,$4386,blunt,0,iron,20000,2228,5606,2102,14,16,1,6,1,0,0,0,0,0,0,0,1,0,0,0,0,0,0,0,0,0,0,0,0,0,0,0,0,0,40,0,1,1,1,0,\N
100132,神官魔杖,$3847,$3847,staff,1,silver,70000,1901,75,0,9,9,1,6,0,0,1,0,0,0,1,0,0,0,0,0,0,0,0,0,0,0,0,0,0,0,0,0,0,0,0,0,1,1,1,0,\N
100143,戰斧,$60,$60,blunt,1,steel,120000,9,58,0,18,18,1,6,1,1,0,1,0,1,1,0,0,0,0,0,0,0,0,0,0,0,0,0,0,0,0,0,0,0,0,0,1,1,1,0,\N
100144,侏儒鐵斧,$94,$94,blunt,1,steel,280000,172,358,0,18,24,1,6,1,1,0,0,0,1,1,0,0,0,0,0,0,0,0,0,0,0,0,0,0,0,0,0,0,0,0,0,1,1,1,0,\N
100146,流星錘,$84,$84,blunt,0,steel,120000,68,68,0,9,10,1,6,1,1,0,1,0,1,1,0,0,0,0,0,0,0,0,0,0,0,0,0,0,0,0,0,0,0,0,0,1,1,1,0,\N
100151,惡魔斧頭,$3249,$3249,blunt,1,blackmithril,180000,1627,4110,1284,30,30,1,0,1,1,0,0,0,1,1,-2,0,0,0,0,0,0,0,0,0,0,0,0,0,0,0,0,0,0,0,0,1,1,1,0,\N
100157,銀光 鋼爪,$2454 $2450,$2454 $2450,claw,1,silver,20000,1086,2911,850,13,10,1,6,0,0,0,0,1,0,0,0,2,0,0,0,0,0,0,0,0,0,0,0,0,0,33,0,0,0,0,0,1,1,1,0,\N
100164,暗黑鋼爪,$2456,$2456,claw,1,platinum,40000,1079,2913,855,22,18,1,6,0,0,0,0,1,0,0,4,5,0,0,0,0,0,0,0,0,0,0,0,0,0,33,0,0,0,0,0,1,1,1,0,\N
100169,獵人之弓,$1244,$1244,bow,1,wood,30000,279,12,0,2,2,-1,6,1,1,1,1,0,0,1,5,1,0,0,0,0,0,0,0,0,0,0,0,0,0,0,0,0,0,0,0,1,1,1,0,\N
100170,精靈弓,$64,$64,bow,1,wood,30000,18,12,0,2,2,-1,6,0,0,0,1,0,0,1,0,1,0,0,0,0,0,0,0,0,0,0,0,0,0,0,0,0,0,0,0,1,1,1,0,\N
100172,弓,$24,$24,bow,1,wood,30000,278,12,0,2,2,-1,6,1,1,1,1,0,0,1,0,0,0,0,0,0,0,0,0,0,0,0,0,0,0,0,0,0,0,0,0,1,1,1,0,\N
100180,十字弓,$784,$784,bow,1,wood,50000,305,12,0,3,2,-1,6,0,1,0,1,1,0,1,3,2,0,0,0,0,0,0,0,0,0,0,0,0,0,0,0,0,0,0,0,1,1,1,0,\N
100181,尤米弓,$105,$105,bow,1,wood,40000,123,12,0,3,3,-1,6,0,0,0,1,0,0,1,0,3,0,0,0,0,0,0,0,0,0,0,0,0,0,0,0,0,0,0,0,1,1,1,0,\N
100189,暗黑十字弓,$2457,$2457,bow,1,platinum,50000,1080,2920,856,4,3,-1,6,0,0,0,1,1,0,1,4,6,0,0,0,0,0,0,0,0,0,0,0,0,0,0,0,0,0,0,0,1,1,1,0,\N
100204,深紅之弩,$4387,$4387,bow,1,iron,25000,2230,5601,2103,3,3,-1,6,0,0,0,1,0,0,0,1,0,0,0,0,0,0,0,0,0,0,0,0,0,0,0,0,0,0,40,0,1,1,1,0,\N
100207,煉獄鋼爪,$4384,$4384,claw,1,blackmithril,50000,2225,5605,2100,14,12,1,0,0,0,0,0,1,0,0,-5,4,0,0,0,0,0,0,0,0,0,0,0,0,0,33,0,0,0,0,0,1,1,1,0,\N
100212,海神三叉戟,$4385,$4385,spear,1,iron,40000,2226,5607,2101,20,22,2,6,1,1,0,0,0,0,0,4,1,0,0,0,0,0,0,0,0,0,0,0,0,0,0,0,0,0,0,0,1,1,1,0,\N
200001,歐西斯匕首,$13,$13,dagger,0,iron,10000,34,68,0,2,3,1,6,1,1,1,1,1,0,0,2,0,0,0,0,0,0,0,0,0,0,0,0,0,0,0,0,0,1,0,0,2,1,1,0,\N
200002,骰子匕首,$416,$416,dagger,0,iron,10000,144,354,142,1,3,1,6,1,1,1,1,1,0,0,-1,0,0,0,0,0,0,0,0,0,0,0,0,0,0,0,0,0,1,0,0,2,1,1,0,\N
200027,彎刀,$92,$92,sword,0,iron,40000,90,76,0,8,8,1,6,1,1,1,1,1,1,0,0,0,0,0,0,0,0,0,0,0,0,0,0,0,0,0,0,0,1,0,0,2,1,1,0,\N
200032,侵略者之劍,$415,$415,sword,0,iron,40000,151,355,0,9,11,1,6,1,1,1,1,1,1,0,0,0,0,0,0,0,0,0,0,0,0,0,0,0,0,0,0,0,1,0,0,2,1,1,0,\N
200041,武士刀,$16,$16,sword,0,iron,40000,58,26,0,10,12,1,6,1,1,0,1,1,1,0,1,0,0,0,0,0,0,0,0,0,0,0,0,0,0,0,0,0,1,0,0,2,1,1,0,\N
200052,雙手劍,$3,$3,twohandsword,1,iron,150000,4,59,0,17,21,1,6,1,1,0,0,0,1,0,0,3,0,0,0,0,0,0,0,0,0,0,0,0,0,0,0,0,1,0,0,2,1,1,0,\N
200171,歐西斯弓,$65,$65,bow,1,wood,30000,19,12,0,2,2,-1,6,1,1,1,1,0,0,1,0,-1,0,0,0,0,0,0,0,0,0,0,0,0,0,0,0,0,0,0,0,2,1,1,0,\N
