src_x,src_y,src_map_id,new_x,new_y,new_map_id,new_heading,note
32477,32851,0,32669,32802,1,4,TI => TIC1F
32510,32863,0,32675,32814,3,0,TI => 군터
32630,32983,0,32733,32797,5,4,TI => 글​​루딘가는 배
32631,32983,0,32733,32797,5,4,TI => 글​​루딘가는 배
32632,32983,0,32733,32797,5,4,TI => 글​​루딘가는 배
32669,32802,1,32477,32853,0,4,TIC1F => TI
32709,32839,1,32743,32852,1,0,TIC1F => TIC1F
32713,32851,1,32745,32809,1,0,TIC1F => TIC1F
32742,32852,1,32709,32838,1,0,TIC1F => TIC1F
32745,32810,1,32713,32850,1,0,TIC1F => TIC1F
32737,32877,1,32665,32789,2,4,TIC1F => TIC2F
32665,32788,2,32738,32877,1,2,TIC2F => TIC1F
32659,32873,2,32665,32876,2,2,TIC2F => TIC2F
32664,32876,2,32659,32872,2,0,TIC2F => TIC2F
32668,32865,2,32680,32859,2,2,TIC2F => TIC2F
32679,32859,2,32668,32864,2,0,TIC2F => TIC2F
32758,32802,2,32764,32802,2,0,TIC2F => TIC2F
32764,32802,2,32758,32802,2,0,TIC2F => TIC2F
32789,32821,2,32808,32837,2,4,TIC2F => TIC2F
32808,32838,2,32789,32822,2,0,TIC2F => TIC2F
32804,32873,2,32533,32800,14,2,TIC2F => MLC7F
32675,32815,3,32509,32865,0,4,군터의 집 => 말하는 섬
32677,33392,4,32734,32816,29,0,윈 다우드 필드 => 윈 다우드 성내
32678,33392,4,32735,32816,29,0,윈 다우드 필드 => 윈 다우드 성내
32734,32816,29,32677,33393,4,4,윈 다우드 성내 => 윈 다우드 필드
32735,32816,29,32678,33393,4,4,윈 다우드 성내 => 윈 다우드 필드
32741,32783,29,32686,33376,4,6,윈 다우드 성 1F => 윈 다우드 성 2F
32686,33376,4,32741,32783,29,6,윈 다우드 성 2F => 윈 다우드 성 1F
32682,33387,4,32683,33381,4,0,윈 다우드 성 2F => 윈 다우드 성 2F
32683,33381,4,32682,33387,4,4,윈 다우드 성 2F => 윈 다우드 성 2F
33170,32759,4,32735,32812,15,0,켄트 필드 => 켄트 성내
33171,32759,4,32736,32812,15,0,켄트 필드 => 켄트 성내
32735,32812,15,33170,32760,4,4,켄트 성내 => 켄트 필드
32736,32812,15,33171,32760,4,4,켄트 성내 => 켄트 필드
32743,32783,15,33179,32743,4,6,켄트 성 1F => 켄트 성 2F
33179,32743,4,32743,32783,15,6,켄트 성 2F => 켄트 성 1F
33175,32754,4,33176,32749,4,0,켄트 성 2F => 켄트 성 2F
33176,32749,4,33175,32754,4,4,켄트 성 2F => 켄트 성 2F
33631,32660,4,32728,32828,52,0,기란 필드 => 기란 성내
33632,32660,4,32729,32828,52,0,기란 필드 => 기란 성내
32728,32828,52,33631,32661,4,4,기란 성내 => 기란 필드
32729,32828,52,33632,32661,4,4,기란 성내 => 기란 필드
33522,33385,4,32571,32862,64,0,하이네 필드 => 하이네 성내
33523,33385,4,32572,32862,64,0,하이네 필드 => 하이네 성내
32571,32862,64,33522,33386,4,4,하이네 성내 => 하이네 필드
32572,32862,64,33523,33386,4,4,하이네 성내 => 하이네 필드
34090,33203,4,32891,32580,300,0,아덴 필드 => 아덴 내성
34091,33203,4,32892,32580,300,0,아덴 필드 => 아덴 내성
32891,32580,300,34090,33204,4,4,아덴 내성 => 아덴 필드
32892,32580,300,34091,33204,4,4,아덴 내성 => 아덴 필드
33631,32369,4,32738,32868,66,2,화산 => 도와 성내
33675,32409,4,32810,32934,66,2,화산 => 도와 성내
32540,32728,4,32735,32795,6,4,글루 디오 => TI가는 배
32542,32728,4,32735,32795,6,4,글루 디오 => TI가는 배
32543,32728,4,32735,32795,6,4,글루 디오 => TI가는 배
32544,32728,4,32735,32795,6,4,글루 디오 => TI가는 배
32728,32929,4,32812,32724,7,4,글루 디오 => MLC1F
33194,32457,4,32744,32813,16,4,요정 숲 마을 => 하딘 연구실
33053,32329,4,32747,32809,17,6,요정 숲 마을 => 네루화 동굴
33054,32329,4,32747,32809,17,6,요정 숲 마을 => 네루화 동굴
32938,32284,4,32805,32724,19,4,EC 입구 => EC1F
33138,33357,4,32769,32767,22,5,SKT> GerardTestdungeons
32951,33502,4,32739,32805,25,1,윈 다우드 필드 => SKT1F-A
32970,33511,4,32809,32810,25,6,윈 다우드 필드 => SKT1F-B
32910,33503,4,32733,32813,26,1,윈 다우드 필드 => SKT2F-A
32927,33515,4,32803,32815,26,1,윈 다우드 필드 => SKT2F-B
32880,33511,4,32807,32813,27,1,윈 다우드 필드 => SKT3F
33348,32347,4,32727,32726,30,4,용의 계곡 필드 => DVC1F-C
33374,32385,4,32742,32777,30,4,용의 계곡 필드 => DVC1F-D
33395,32325,4,32809,32737,30,6,용의 계곡 필드 => DVC1F-B
33415,32412,4,32810,32810,30,6,용의 계곡 필드 => DVC1F-A
32755,33208,4,32783,32751,43,0,사막 => 개미 던전 B1-1
32914,33220,4,32798,32754,44,0,사막 => 개미 던전 B1-2
32789,33255,4,32776,32731,45,0,사막 => 개미 던전 B1-3
32848,33294,4,32787,32795,46,0,사막 => 개미 던전 B1-4
32839,33172,4,32796,32745,47,0,사막 => 개미 던전 B1-5
32788,33149,4,32768,32805,50,0,사막 => 개미 던전 B1-6
33627,33502,4,32708,32789,59,4,하이네 필드 => HC1F
33734,32216,4,32797,32746,67,6,필드 => 화룡의 둥지
34041,32154,4,32764,32902,75,0,오렌 필드 => 상아탑 1F
34042,32154,4,32764,32902,75,0,오렌 필드 => 상아탑 1F
33423,33502,4,32735,32795,83,4,하이네 선착장 => FI가는 배
33424,33502,4,32735,32795,83,4,하이네 선착장 => FI가는 배
33425,33502,4,32735,32795,83,4,하이네 선착장 => FI가는 배
33426,33502,4,33735,32795,83,4,하이네 선착장 => FI가는 배
34256,33450,4,32725,32799,101,2,아덴 필드 => TOI1F
34256,33451,4,32725,32799,101,2,아덴 필드 => TOI1F
34256,33452,4,32725,32799,101,2,아덴 필드 => TOI1F
34151,33382,4,32678,32790,301,2,아덴 필드 => 아덴 지하수 1F
33388,32272,4,32625,32803,304,5,용의 계곡 필드 => 침묵의 동굴 1F
33388,32273,4,32625,32803,304,5,용의 계곡 필드 => 침묵의 동굴 2F
32565,33460,4,32761,32822,307,2,필드 => 지하 침공로 : 1F
34094,32164,4,32789,32860,1000,10,아덴 필드 => 실베리아 왼쪽
34094,32165,4,32789,32863,1000,10,아덴 필드 => 실베리아 왼쪽
34095,32166,4,32787,32865,1000,10,아덴 필드 => 실베리아 왼쪽
34096,32166,4,32802,32875,1000,10,아덴 필드 => 실베리아 아래
34096,32167,4,32804,32875,1000,10,아덴 필드 => 실베리아 아래
34096,32168,4,32805,32877,1000,10,아덴 필드 => 실베리아 아래
33641,32398,4,32810,32885,1001,10,아덴 필드 => 베히모스 아래
33641,32399,4,32811,32885,1001,10,아덴 필드 => 베히모스 아래
33642,32400,4,32782,32856,1001,10,아덴 필드 => 베히모스 왼쪽
33643,32400,4,32782,32857,1001,10,아덴 필드 => 베히모스 왼쪽
32600,32931,0,32745,32803,16384,6,말하는 섬 여관 -> 골방
32746,32803,16384,32599,32931,0,6,골방 -> 말하는 섬 여관
32744,32808,16896,32599,32931,0,1,홀 -> 말하는 섬 여관
32632,32761,4,32743,32803,17408,6,글루 디오 여인숙 -> 골방
32744,32803,17408,32631,32761,4,6,골방 -> 글루딘 여인숙
32745,32807,17920,32631,32761,4,6,홀 -> 글루딘 여인숙
32733,32796,5,32631,32982,0,0,글루 디오가는 배 => TI
32734,32796,5,32631,32982,0,0,글루 디오가는 배 => TI
32734,32794,6,32544,32727,4,0,TI가는 배 => 글​​루딘
32735,32794,6,32544,32727,4,0,TI가는 배 => 글​​루딘
32736,32794,6,32544,32727,4,0,TI가는 배 => 글​​루딘
32812,32723,7,32728,32929,4,5,MLC1F => MLC 脊姥
32740,32807,7,32750,32798,8,4,MLC1F => MLC2F
32750,32797,8,32740,32806,7,0,MLC2F => MLC1F
32726,32744,8,32773,32807,8,2,MLC2F-C => MLC2F-C
32736,32772,8,32737,32812,8,2,MLC2F-D => MLC2F-D
32738,32813,8,32737,32772,8,2,MLC2F-D => MLC2F-D
32741,32745,8,32797,32803,8,2,MLC2F-B => MLC2F-B
32767,32734,8,32811,32761,8,2,MLC2F-A => MLC2F-A
32773,32808,8,32727,32744,8,2,MLC2F-C => MLC2F-C
32797,32804,8,32742,32745,8,2,MLC2F-B => MLC2F-B
32811,32762,8,32767,32733,8,2,MLC2F-A => MLC2F-A
32794,32728,8,32801,32754,9,4,MLC2F => MLC3F
32802,32754,9,32795,32728,8,2,MLC3F => MLC2F
32771,32765,9,32763,32773,10,4,MLC3F => MLC4F
32764,32772,10,32771,32764,9,0,MLC4F => MLC3F
32726,32737,10,32728,32723,11,4,MLC4F => MLC5F
32729,32722,11,32727,32737,10,2,MLC5F => MLC4F
32735,32739,11,32768,32805,11,2,MLC5F-B => MLC5F-B
32745,32805,11,32757,32804,11,2,MLC5F-A => MLC5F-A
32757,32805,11,32745,32804,11,2,MLC5F-A => MLC5F-A
32763,32738,11,32773,32765,11,2,MLC5F-C => MLC5F-C
32768,32806,11,32736,32739,11,2,MLC5F-B => MLC5F-B
32772,32765,11,32764,32738,11,2,MLC5F-C => MLC5F-C
32797,32810,11,32804,32725,12,4,MLC5F => MLC6F
32805,32724,12,32797,32809,11,2,MLC6F => MLC5F
32728,32768,12,32764,32754,12,2,MLC6F => MLC6F
32732,32802,12,32799,32795,12,7,MLC6F => MLC6F
32764,32755,12,32729,32768,12,2,MLC6F => MLC6F
32799,32795,12,32732,32802,12,5,MLC6F => MLC6F
32770,32811,12,32727,32725,13,4,MLC6F => MLC7F
32727,32724,13,32770,32810,12,2,MLC7F => MLC6F
32764,32766,13,32780,32741,13,2,MLC7F-B => MLC7F-B
32780,32742,13,32765,32766,13,2,MLC7F-B => MLC7F-B
32786,32795,13,32811,32729,13,2,MLC7F-A => MLC7F-A
32801,32803,13,32808,32802,13,2,MLC7F => MLC7F_ 오림
32808,32802,13,32801,32803,13,6,MLC7F => MLC7F_ 오림
32811,32730,13,32787,32795,13,2,MLC7F-A => MLC7F-A
32806,32724,13,33000,32808,14,7,MLC7F => 데빌로드
32813,32810,13,32727,32789,237,5,MLC7F> Jimdungeons
32533,32800,14,32804,32873,2,6,데빌로드 => TIC-2F
33000,32808,14,32807,32724,13,2,데빌로드 => MLC7F
32744,32815,16,33194,32458,4,0,호른의 던전> 필드
32748,32808,17,33054,32328,4,0,네루화 집 => 필드
32748,32809,17,33054,32328,4,0,네루화 집 => 필드
32805,32723,19,32938,32283,4,0,EC1F => 필드
32723,32725,19,32788,32758,19,2,EC1F · EC1F
32727,32797,19,32796,32795,19,0,EC1F · EC1F
32787,32758,19,32724,32725,19,2,EC1F · EC1F
32796,32796,19,32728,32797,19,2,EC1F · EC1F
32772,32783,19,32766,32796,20,4,EC1F => EC2F
32767,32795,20,32772,32782,19,0,EC2F => EC1F
32763,32754,20,32807,32791,20,0,EC2F · EC2F
32807,32792,20,32764,32754,20,2,EC2F · EC2F
32730,32732,20,32731,32736,21,6,EC2F => EC3F
32732,32736,21,32731,32732,20,2,EC3F => EC2F
32736,32799,21,32760,32763,21,0,EC3F · EC3F
32760,32764,21,32737,32799,21,2,EC3F · EC3F
32777,32796,21,32657,32872,32,2,EC3F => DVC3F
32769,32767,22,33138,33357,4,2,GerardTestdungeons> SKT
32727,32814,23,32808,32814,24,4,윈 다우드 성 던전 : 1F => 윈 다우드 성 던전 : 2F
32811,32722,23,32742,32790,29,4,윈 다우드 성 던전 : 1F => 윈 다우드 성내
32808,32814,24,32727,32814,23,4,윈 다우드 성 던전 : 2F => 윈 다우드 성 던전 : 1F
32738,32806,25,32951,33503,4,4,수련 던전 : 1F => 필드
32809,32811,25,32970,33512,4,4,수련 던전 : 1F => 필드
32732,32814,26,32910,33505,4,4,수련 던전 : 2F => 필드
32802,32816,26,32927,33516,4,1,수련 던전 : 2F => 필드
32806,32814,27,32880,33511,4,4,수련 던전 : 3F => 필드
32723,32742,27,32799,32798,28,4,수련 던전 : 3F => 수련 던전 : 4F
32799,32797,28,32723,32741,27,0,수련 던전 : 4F => 수련 던전 : 3F
32742,32790,29,32811,32722,23,4,윈 다우드 성내 => 윈 다우드 성 던전 : 1F
32727,32726,30,33348,32348,4,4,용의 계곡 던전 : 1F => 필드
32742,32776,30,33373,32385,4,6,용의 계곡 던전 : 1F => 필드
32810,32737,30,33395,32326,4,4,용의 계곡 던전 : 1F => 필드
32811,32810,30,33414,32412,4,6,용의 계곡 던전 : 1F => 필드
32732,32813,30,32760,32781,31,4,용의 계곡 던전 : 1F => 필드
32733,32813,30,32760,32781,31,4,DVC1F => DVC2F-A
32740,32761,30,32762,32749,31,4,DVC1F => DVC2F-C2
32741,32761,30,32762,32749,31,4,DVC1F => DVC2F-C
32767,32759,30,32803,32760,31,6,DVC1F => DVC2F-D
32767,32760,30,32803,32760,31,6,DVC1F => DVC2F-D2
32772,32774,30,32788,32782,31,6,DVC1F => DVC2F-B2
32772,32775,30,32788,32782,31,6,DVC1F => DVC2F-B
32760,32780,31,32733,32812,30,0,DVC2F => DVC1F-A
32762,32748,31,32741,32760,30,0,DVC2F => DVC1F-C
32789,32782,31,32773,32774,30,2,DVC2F => DVC1F-B
32804,32760,31,32768,32759,30,2,DVC2F => DVC1F-D
32772,32747,31,32709,32818,32,4,DVC2F => DVC3F
32657,32872,32,32777,32796,21,0,DVCC3F => EC3F
32710,32817,32,32773,32747,31,1,DVC3F => DVC2F
32746,32859,32,32670,32868,33,4,DVC3F => DVC4F
32747,32859,32,32670,32868,33,4,DVC3F => DVC4F
32670,32867,33,32746,32858,32,0,DVC4F => DVC3F
32728,32825,33,32746,32801,35,6,DVC4F => DVC5F
32729,32825,33,32746,32801,35,6,DVC4F => DVC5F
32747,32801,35,32728,32824,33,0,DVC5F => DVC4F
32660,32838,35,32664,32846,36,4,DVC5F => DVC6F
32660,32839,35,32664,32846,36,4,DVC5F => DVC6F
32664,32845,36,32661,32838,35,2,DVC6F => DVC5F
32746,32824,36,32667,32868,37,6,DVC6F => 지룡의 둥지
32747,32824,36,32667,32868,37,6,DVC6F => 지룡의 둥지
32669,32868,37,32746,32823,36,2,지룡의 둥지 => 용의 계곡 던전 6F
32807,32806,43,32779,32793,47,0,개미 던전 B1-1 => B1-5
32808,32806,43,32779,32793,47,0,개미 던전 B1-1 => B1-5
32737,32781,44,32781,32732,49,0,개미 던전 B1-2 => B2-2
32737,32782,44,32781,32732,49,0,개미 던전 B1-2 => B2-2
32769,32791,45,32745,32759,50,0,개미 던전 B1-3 => B1-6
32770,32791,45,32745,32759,50,0,개미 던전 B1-3 => B1-6
32790,32796,46,32745,32783,49,0,개미 던전 B1-4 => B2-2
32791,32796,46,32745,32783,49,0,개미 던전 B1-4 => B2-2
32778,32792,47,32807,32805,43,0,개미 던전 B1-5 => B1-1
32779,32792,47,32807,32805,43,0,개미 던전 B1-5 => B1-1
32743,32778,47,32794,32740,48,0,개미 던전 B1-5 => B2-1
32744,32778,47,32794,32740,48,0,개미 던전 B1-5 => B2-1
32794,32739,48,32744,32777,47,0,개미 던전 B2-1 => B1-5
32795,32739,48,32744,32777,47,0,개미 던전 B2-1 => B1-5
32740,32756,48,32807,32762,50,0,개미 던전 B2-1 => B1-6
32740,32757,48,32807,32762,50,0,개미 던전 B2-1 => B1-6
32740,32758,48,32807,32762,50,0,개미 던전 B2-1 => B1-6
32778,32801,48,32747,32790,541,0,개미 던전 B2-1 => 개미 던전 계란 방 A
32778,32802,48,32747,32790,541,0,개미 던전 B2-1 => 개미 던전 계란 방 A
32782,32731,49,32738,32781,44,0,개미 던전 B2-2 => B1-2
32782,32732,49,32738,32781,44,0,개미 던전 B2-2 => B1-2
32782,32733,49,32738,32781,44,0,개미 던전 B2-2 => B1-2
32745,32782,49,32791,32795,46,0,개미 던전 B2-2 => B1-4
32746,32782,49,32791,32795,46,0,개미 던전 B2-2 => B1-4
32779,32778,49,32747,32790,542,0,개미 던전 B2-2 => 개미 던전 계란 객실 B
32779,32779,49,32747,32790,542,0,개미 던전 B2-2 => 개미 던전 계란 객실 B
32745,32758,50,32770,32790,45,0,개미 던전 B1-6 => B1-3
32746,32758,50,32770,32790,45,0,개미 던전 B1-6 => B1-3
32806,32763,50,32739,32757,48,0,개미 던전 B1-6 => B2-1
32807,32763,50,32739,32757,48,0,개미 던전 B1-6 => B2-1
32724,32743,51,32722,32820,541,0,개미 던전 B3 => 개미 던전 계란 방 A
32725,32743,51,32722,32820,541,0,개미 던전 B3 => 개미 던전 계란 방 A
32726,32743,51,32722,32820,541,0,개미 던전 B3 => 개미 던전 계란 방 A
32794,32846,51,32723,32822,542,0,개미 던전 B3 => 개미 던전 계란 객실 B
32794,32847,51,32723,32822,542,0,개미 던전 B3 => 개미 던전 계란 객실 B
32794,32848,51,32723,32822,542,0,개미 던전 B3 => 개미 던전 계란 객실 B
32679,32848,51,32873,32750,543,0,개미 던전 B3 => B4
32679,32849,51,32873,32750,543,0,개미 던전 B3 => B4
32679,32850,51,32873,32750,543,0,개미 던전 B3 => B4
32811,32730,53,33417,32813,4,2,기란 던전 : 1F => 필드
32811,32731,53,33418,32809,4,2,기란 던전 : 1F => 필드
32732,32787,53,32810,32794,54,6,기란 던전 : 1F => 기란 던전 : 2F
32811,32793,54,32732,32786,53,0,기란 던전 : 2F => 기란 던전 : 1F
32811,32794,54,32732,32786,53,0,기란 던전 : 2F => 기란 던전 : 1F
32735,32726,54,32750,32774,54,0,기란 던전 : 2F => 기란 던전 : 2F
32750,32775,54,32736,32726,54,2,기란 던전 : 2F => 기란 던전 : 2F
32728,32811,54,32735,32728,55,4,기란 던전 : 2F => 기란 던전 : 3F
32735,32727,55,32728,32810,54,0,기란 던전 : 3F => 기란 던전 : 2F
32736,32727,55,32728,32810,54,0,기란 던전 : 3F => 기란 던전 : 2F
32736,32855,55,32769,32730,56,4,기란 던전 : 3F => 기란 던전 : 4F
32769,32729,56,32736,32854,55,0,기란 던전 : 4F => 기란 던전 : 3F
32770,32729,56,32736,32854,55,0,기란 던전 : 4F => 기란 던전 : 3F
32709,32788,59,33627,33503,4,4,하이네 던전 : 1F => 필드
32663,32867,59,32745,32858,60,6,하이네 던전 : 1F => 하이네 던전 : 2F
32747,32851,59,32744,32839,62,0,하이네 던전 : 1F => 에바의 신전
32746,32857,60,32664,32867,59,2,하이네 던전 : 2F => 하이네 던전 : 1F
32706,32809,60,32727,32807,61,4,하이네 던전 : 2F => 하이네 던전 : 3F
32728,32806,61,32704,32809,60,6,하이네 던전 : 3F => 하이네 던전 : 2F
32695,32824,61,32806,32869,63,6,하이네 던전 : 3F => 에바의 왕국
32744,32839,62,32746,32852,59,6,에바의 신전 => 하이네 던전 : 1F
32733,32790,62,32572,32833,64,6,에바의 신전 => 하이네 성내
32733,32791,62,32572,32833,64,6,에바의 신전 => 하이네 성내
32807,32868,63,32694,32826,61,4,에바 왕국 => 하이네 던전 : 3F
32738,32674,63,32750,32870,65,1,에바 왕국 => 수룡의 둥지
32572,32833,64,32733,32791,62,4,하이네 성내 => 에바의 신전
32761,32870,65,32738,32675,63,4,수룡의 둥지 => 에바의 왕국
32737,32868,66,33630,32369,4,2,DwarF cave => 필드
32810,32935,66,33675,32410,4,2,DwarF cave => 필드
32798,32746,67,33734,32217,4,4,화룡의 둥지 => 필드
32945,33012,70,32826,32850,70,0,FI 중간 섬 => FI
32935,33058,70,32734,32797,84,4,FI 선착장 => 하이네 행 배
32936,33058,70,32734,32797,84,4,FI 선착장 => 하이네 행 배
32937,33058,70,32734,32797,84,4,FI 선착장 => 하이네 행 배
32872,32834,72,32782,32735,73,2,얼음 수정 동굴 1F (1) => 수정 동굴 2F
32872,32835,72,32782,32735,73,2,얼음 수정 동굴 1F (2) => 수정 동굴 2F
32781,32735,73,32871,32834,72,6,얼음 수정 동굴 2F (1) => 수정 동굴 1F
32781,32736,73,32871,32834,72,6,얼음 수정 동굴 2F (2) => 수정 동굴 1F
32753,32739,73,32728,32816,74,0,얼음 수정 동굴 2F (1) => 수정 동굴 3F
32754,32739,73,32728,32816,74,0,얼음 수정 동굴 2F (2) => 수정 동굴 3F
32728,32817,74,32754,32740,73,4,얼음 수정 동굴 3F => 수정 동굴 2F
32763,32903,75,34041,32155,4,4,상아탑 1F => Oren
32764,32903,75,34041,32155,4,4,상아탑 1F => Oren
32773,32821,75,32776,32820,76,6,상아탑 1F => 상아탑 2F
32773,32822,75,32776,32820,76,6,상아탑 1F => 상아탑 2F
32777,32819,76,32772,32822,75,6,상아탑 2F => 상아탑 1F
32777,32820,76,32772,32822,75,6,상아탑 2F => 상아탑 1F
32777,32826,76,32766,32835,77,6,상아탑 2F => 상아탑 3F
32777,32827,76,32766,32835,77,6,상아탑 2F => 상아탑 3F
32767,32834,77,32776,32827,76,6,상아탑 3F => 상아탑 2F
32767,32835,77,32776,32827,76,6,상아탑 3F => 상아탑 2F
32902,32764,78,32766,32842,77,6,상아탑 4F => 상아탑 3F
32902,32765,78,32766,32842,77,6,상아탑 4F => 상아탑 3F
32939,32806,78,32811,32864,79,5,상아탑 4F => 상아탑 5F
32939,32807,78,32811,32865,79,5,상아탑 4F => 상아탑 5F
32811,32864,79,32939,32806,78,7,상아탑 5F => 상아탑 4F
32811,32865,79,32939,32807,78,7,상아탑 5F => 상아탑 4F
32737,32794,79,32735,32793,80,3,상아탑 5F => 상아탑 6F
32737,32796,79,32735,32795,80,3,상아탑 5F => 상아탑 6F
32735,32796,79,32733,32795,80,3,상아탑 5F => 상아탑 6F
32735,32794,79,32733,32793,80,3,상아탑 5F => 상아탑 6F
32735,32793,80,32737,32794,79,7,상아탑 6F => 상아탑 5F
32735,32795,80,32737,32796,79,7,상아탑 6F => 상아탑 5F
32733,32795,80,32735,32796,79,7,상아탑 6F => 상아탑 5F
32733,32793,80,32735,32794,79,7,상아탑 6F => 상아탑 5F
32813,32872,80,32813,32870,81,7,상아탑 6F => 상아탑 7F
32813,32874,80,32813,32872,81,7,상아탑 6F => 상아탑 7F
32811,32874,80,32811,32872,81,7,상아탑 6F => 상아탑 7F
32811,32872,80,32811,32870,81,7,상아탑 6F => 상아탑 7F
32813,32870,81,32813,32872,80,7,상아탑 7F => 상아탑 6F
32813,32872,81,32813,32874,80,7,상아탑 7F => 상아탑 6F
32811,32872,81,32811,32874,80,7,상아탑 7F => 상아탑 6F
32811,32870,81,32811,32872,80,7,상아탑 7F => 상아탑 6F
32736,32793,81,32676,32793,82,5,상아탑 7F => 상아탑 8F
32736,32795,81,32676,32795,82,5,상아탑 7F => 상아탑 8F
32734,32795,81,32674,32795,82,5,상아탑 7F => 상아탑 8F
32734,32793,81,32674,32793,82,5,상아탑 7F => 상아탑 8F
32676,32793,82,32736,32793,81,5,상아탑 8F => 상아탑 7F
32676,32795,82,32736,32795,81,5,상아탑 8F => 상아탑 7F
32674,32795,82,32734,32795,81,5,상아탑 8F => 상아탑 7F
32674,32793,82,32734,32793,81,5,상아탑 8F => 상아탑 7F
32733,32794,83,33425,33501,4,0,FI가는 배 => 하이네 선착장
32734,32794,83,33425,33501,4,0,FI가는 배 => 하이네 선착장
32735,32794,83,33425,33501,4,0,FI가는 배 => 하이네 선착장
32736,32794,83,33425,33501,4,0,FI가는 배 => 하이네 선착장
32732,32796,84,32936,33057,70,0,하이네 행 배 => FI 선착장
32733,32796,84,32936,33057,70,0,하이네 행 배 => FI 선착장
32734,32796,84,32936,33057,70,0,하이네 행 배 => FI 선착장
32735,32796,84,32936,33057,70,0,하이네 행 배 => FI 선착장
32736,32873,85,32725,32789,87,4,SI 던전 1F (코코 측) → 파고 방
32741,32872,85,32730,32789,87,3,SI 던전 1F (코코 측) → 파고 방
32793,32872,86,32746,32810,87,6,SI 던전 1F (쿠 측) → 파고 방
32794,32867,86,32746,32805,87,6,SI 던전 1F (쿠 측) → 파고 방
32725,32788,87,32737,32871,85,1,파고의 방 → SI 던전 1F (코코 측)
32730,32788,87,32741,32871,85,1,파고의 방 → SI 던전 1F (코코 측)
32747,32805,87,32795,32867,86,2,파고의 방 → SI 던전 1F (쿠 측)
32747,32810,87,32795,32872,86,2,파고의 방 → SI 던전 1F (쿠 측)
32724,32798,101,34255,33452,4,6,TOI1F => 아덴 필드
32724,32799,101,34255,33452,4,6,TOI1F => 아덴 필드
32724,32800,101,34255,33452,4,6,TOI1F => 아덴 필드
32799,32801,101,32798,32798,102,6,TOI1F => TOI2F
32799,32802,101,32798,32798,102,6,TOI1F => TOI2F
32871,32870,101,32660,32933,301,6,TOI1F => 구이기도 走 말 呪 稽
32799,32797,102,32798,32802,101,6,TOI2F => TOI1F
32799,32798,102,32798,32802,101,6,TOI2F => TOI1F
32743,32731,102,32749,32747,103,0,TOI2F => TOI3F (A)
32853,32855,102,32851,32843,103,2,TOI2F => TOI3F (B)
32748,32748,103,32743,32732,102,4,TOI3F => TOI2F (A)
32749,32748,103,32743,32732,102,4,TOI3F => TOI2F (A)
32850,32843,103,32852,32855,102,6,TOI3F => TOI2F (B)
32850,32844,103,32852,32855,102,6,TOI3F => TOI2F (B)
32744,32731,103,32749,32747,103,0,TOI2F => TOI3F (A)
32799,32801,103,32671,32860,104,6,TOI3F => TOI4F
32799,32802,103,32671,32860,104,6,TOI3F => TOI4F
32672,32859,104,32798,32802,103,6,TOI4F => TOI3F
32672,32860,104,32798,32802,103,6,TOI4F => TOI3F
32732,32924,104,32742,32928,105,0,TOI4F => TOI5F
32733,32924,104,32742,32928,105,0,TOI4F => TOI5F
32741,32929,105,32732,32926,104,4,TOI5F => TOI4F
32742,32929,105,32732,32926,104,4,TOI5F => TOI4F
32672,32864,105,33766,32865,106,6,TOI5F => TOI6F
32672,32865,105,33766,32865,106,6,TOI5F => TOI6F
33766,32866,106,32671,32865,105,6,TOI6F => TOI5F
33816,32865,106,32671,32860,107,6,TOI6F => TOI7F
33817,32866,106,32671,32860,107,6,TOI6F => TOI7F
32672,32859,107,33816,32865,106,6,TOI7F => TOI6F
32672,32860,107,33817,32866,106,6,TOI7F => TOI6F
32666,32934,107,32670,32932,108,2,TOI7F => TOI8F
32666,32935,107,32670,32932,108,2,TOI7F => TOI8F
32669,32932,108,32665,32935,107,6,TOI8F => TOI7F
32669,32933,108,32665,32935,107,6,TOI8F => TOI7F
32731,32806,108,32732,32810,109,2,TOI8F => TOI9F
32731,32807,108,32732,32810,109,2,TOI8F => TOI9F
32731,32810,109,32730,32807,108,6,TOI9F => TOI8F
32731,32811,109,32730,32807,108,6,TOI9F => TOI8F
32621,32812,109,32754,32739,110,0,TOI9F => TOI10F
32622,32812,109,32754,32739,110,0,TOI9F => TOI10F
32753,32740,110,32621,32813,109,4,TOI10F => TOI9F
32754,32740,110,32621,32813,109,4,TOI10F => TOI9F
32672,32864,111,32798,32798,112,6,TOI11F => TOI12F
32672,32865,111,32798,32798,112,6,TOI11F => TOI12F
32799,32797,112,32671,32865,111,6,TOI12F => TOI11F
32799,32798,112,32671,32865,111,6,TOI12F => TOI11F
32743,32731,112,32749,32746,113,0,TOI12F => TOI13F (A)
32744,32731,112,32749,32747,113,0,TOI12F => TOI13F (A)
32852,32855,112,32851,32843,113,2,TOI12F => TOI13F (B)
32748,32747,113,32743,32732,112,4,TOI13F => TOI12F (A)
32749,32747,113,32743,32732,112,4,TOI13F => TOI12F (A)
32851,32843,113,32851,32855,112,6,TOI13F => TOI12F (B)
32851,32844,113,32851,32855,112,6,TOI13F => TOI12F (B)
32799,32801,113,32671,32860,114,6,TOI13F => TOI14F
32799,32802,113,32671,32860,114,6,TOI13F => TOI14F
32672,32859,114,32798,32802,113,6,TOI14F => TOI13F
32672,32860,114,32798,32802,113,6,TOI14F => TOI13F
32732,32924,114,32671,32861,115,6,TOI14F => TOI15F
32733,32924,114,32671,32861,115,6,TOI14F => TOI15F
32672,32860,115,32732,32926,114,4,TOI15F => TOI14F
32672,32861,115,32732,32926,114,4,TOI15F => TOI14F
32694,32786,115,32743,32865,116,0,TOI15F => TOI16F
32742,32866,116,32693,32786,115,6,TOI16F => TOI15F
32743,32866,116,32693,32786,115,6,TOI16F => TOI15F
32793,32865,116,32671,32860,117,6,TOI16F => TOI17F
32793,32866,116,32671,32860,117,6,TOI16F => TOI17F
32672,32859,117,32793,32865,116,6,TOI17F => TOI16F
32672,32860,117,32793,32866,116,6,TOI17F => TOI16F
32666,32935,117,32670,32932,118,2,TOI17F => TOI18F
32669,32932,118,32665,32935,117,6,TOI18F => TOI17F
32669,32933,118,32665,32935,117,6,TOI18F => TOI17F
32731,32806,118,32732,32810,119,2,TOI18F => TOI19F
32731,32807,118,32732,32810,119,2,TOI18F => TOI19F
32731,32810,119,32730,32807,118,6,TOI19F => TOI18F
32731,32811,119,32730,32807,118,6,TOI19F => TOI18F
32621,32812,119,32754,32739,120,0,TOI19F => TOI20F
32622,32812,119,32754,32739,120,0,TOI19F => TOI20F
32753,32740,120,32621,32813,119,4,TOI20F => TOI19F
32754,32740,120,32621,32813,119,4,TOI20F => TOI19F
32672,32864,121,32798,32798,122,6,TOI21F => TOI22F
32672,32865,121,32798,32798,122,6,TOI21F => TOI22F
32799,32797,122,32671,32865,121,6,TOI22F => TOI21F
32799,32798,122,32671,32865,121,6,TOI22F => TOI21F
32748,32872,122,32787,32870,123,0,TOI22F => TOI23F (B)
32748,32873,122,32787,32870,123,0,TOI22F => TOI23F (B)
32872,32723,122,32875,32750,123,2,TOI22F => TOI23F (A)
32786,32871,123,32747,32873,122,6,TOI23F => TOI22F (B)
32787,32871,123,32747,32873,122,6,TOI23F => TOI22F (B)
32874,32750,123,32871,32723,122,6,TOI23F => TOI22F (A)
32874,32751,123,32871,32723,122,6,TOI23F => TOI22F (A)
32799,32801,123,32671,32860,124,6,TOI23F => TOI24F
32799,32802,123,32671,32860,124,6,TOI23F => TOI24F
32672,32859,124,32798,32802,123,6,TOI24F => TOI23F
32672,32860,124,32798,32802,123,6,TOI24F => TOI23F
32732,32924,124,32742,32928,125,0,TOI24F => TOI25F
32733,32924,124,32742,32928,125,0,TOI24F => TOI25F
32741,32929,125,32732,32926,124,4,TOI25F => TOI24F
32742,32929,125,32732,32926,124,4,TOI25F => TOI24F
32672,32864,125,32743,32866,126,6,TOI25F => TOI26F
32672,32865,125,32742,32866,126,6,TOI25F => TOI26F
32743,32866,126,32671,32865,125,6,TOI26F => TOI25F
32742,32866,126,32671,32865,125,6,TOI26F => TOI25F
32792,32864,126,32672,32859,127,0,TOI26F => TOI27F
32793,32866,126,32672,32860,127,0,TOI26F => TOI27F
32672,32859,127,32792,32864,126,2,TOI27F => TOI26F
32672,32860,127,32793,32866,126,2,TOI27F => TOI26F
32666,32934,127,32670,32932,128,2,TOI27F => TOI28F
32666,32935,127,32670,32932,128,2,TOI27F => TOI28F
32669,32932,128,32665,32935,127,6,TOI28F => TOI27F
32669,32933,128,32665,32935,127,6,TOI28F => TOI27F
32615,32805,128,32723,32860,129,2,TOI28F => TOI29F
32616,32805,128,32723,32860,129,2,TOI28F => TOI29F
32722,32860,129,32615,32806,128,4,TOI29F => TOI28F
32722,32861,129,32615,32806,128,4,TOI29F => TOI28F
32621,32812,129,32754,32739,130,0,TOI29F => TOI30F
32622,32812,129,32754,32739,130,0,TOI29F => TOI30F
32753,32740,130,32621,32813,129,4,TOI30F => TOI29F
32754,32740,130,32621,32813,129,4,TOI30F => TOI29F
32672,32864,131,32798,32798,132,6,TOI31F => TOI32F
32672,32865,131,32798,32798,132,6,TOI31F => TOI32F
32799,32797,132,32671,32865,131,6,TOI32F => TOI31F
32799,32798,132,32671,32865,131,6,TOI32F => TOI31F
32743,32731,132,32749,32747,133,0,TOI32F => TOI33F (B)
32744,32731,132,32749,32747,133,0,TOI32F => TOI33F (B)
32853,32854,132,32851,32843,133,2,TOI32F => TOI33F (A)
32853,32855,132,32851,32843,133,2,TOI32F => TOI33F (A)
32748,32748,133,32743,32732,132,4,TOI33F => TOI32F (B)
32749,32748,133,32743,32732,132,4,TOI33F => TOI32F (B)
32850,32843,133,32852,32855,132,6,TOI33F => TOI32F (A)
32850,32844,133,32852,32855,132,6,TOI33F => TOI32F (A)
32799,32801,133,32671,32860,134,6,TOI33F => TOI34F
32799,32802,133,32671,32860,134,6,TOI33F => TOI34F
32672,32859,134,32798,32802,133,6,TOI34F => TOI33F
32672,32860,134,32798,32802,133,6,TOI34F => TOI33F
32732,32924,134,32742,32928,135,0,TOI34F => TOI35F
32733,32924,134,32742,32928,135,0,TOI34F => TOI35F
32741,32929,135,32732,32926,134,4,TOI35F => TOI34F
32742,32929,135,32732,32926,134,4,TOI35F => TOI34F
32672,32864,135,32743,32866,136,0,TOI35F => TOI36F
32672,32865,135,32742,32866,136,0,TOI35F => TOI36F
32743,32866,136,32671,32865,135,6,TOI36F => TOI35F
32742,32866,136,32671,32865,135,6,TOI36F => TOI35F
32793,32865,136,32671,32860,137,6,TOI36F => TOI37F
32793,32866,136,32671,32860,137,6,TOI36F => TOI37F
32672,32859,137,32793,32865,136,6,TOI37F => TOI36F
32672,32860,137,32793,32866,136,6,TOI37F => TOI36F
32666,32934,137,32670,32932,138,2,TOI37F => TOI38F
32666,32935,137,32670,32932,138,2,TOI37F => TOI38F
32669,32932,138,32665,32935,137,6,TOI38F => TOI37F
32669,32933,138,32665,32935,137,6,TOI38F => TOI37F
32731,32806,138,32732,32810,139,2,TOI38F => TOI39F
32731,32807,138,32732,32810,139,2,TOI38F => TOI39F
32731,32810,139,32730,32807,138,6,TOI39F => TOI38F
32731,32811,139,32730,32807,138,6,TOI39F => TOI38F
32621,32812,139,32754,32739,140,0,TOI39F => TOI40F
32622,32812,139,32754,32739,140,0,TOI39F => TOI40F
32753,32740,140,32621,32813,139,4,TOI40F => TOI39F
32754,32740,140,32621,32813,139,4,TOI40F => TOI39F
32672,32865,141,32798,32798,142,6,TOI41F => TOI42F
32740,32903,141,32798,32798,142,6,TOI41F => TOI42F
32799,32797,142,32671,32865,141,6,TOI42F => TOI41F
32799,32798,142,32671,32865,141,6,TOI42F => TOI41F
32793,32864,142,32813,32870,143,2,TOI42F => TOI43F (B)
32793,32865,142,32813,32870,143,2,TOI42F => TOI43F (B)
32851,32746,142,32843,32734,143,0,TOI42F => TOI43F (A)
32852,32746,142,32843,32734,143,0,TOI42F => TOI43F (A)
32812,32870,143,32792,32865,142,6,TOI43F => TOI42F (B)
32812,32871,143,32792,32865,142,6,TOI43F => TOI42F (B)
32842,32735,143,32851,32747,142,4,TOI43F => TOI42F (A)
32843,32735,143,32851,32747,142,4,TOI43F => TOI42F (A)
32799,32801,143,32671,32860,144,6,TOI43F => TOI44F
32799,32802,143,32671,32860,144,6,TOI43F => TOI44F
32672,32859,144,32798,32802,143,6,TOI44F => TOI43F
32672,32860,144,32798,32802,143,6,TOI44F => TOI43F
32732,32924,144,32742,32928,145,0,TOI44F => TOI45F
32733,32924,144,32742,32928,145,0,TOI44F => TOI45F
32741,32929,145,32732,32926,144,4,TOI45F => TOI44F
32742,32929,145,32732,32926,144,4,TOI45F => TOI44F
32672,32864,145,32743,32866,146,0,TOI45F => TOI46F
32672,32865,145,32742,32866,146,0,TOI45F => TOI46F
32743,32866,146,32671,32865,145,6,TOI46F => TOI45F
32742,32866,146,32671,32865,145,6,TOI46F => TOI45F
32793,32865,146,32671,32860,147,6,TOI46F => TOI47F
32793,32866,146,32671,32860,147,6,TOI46F => TOI47F
32672,32859,147,32793,32865,146,6,TOI47F => TOI46F
32672,32860,147,32793,32866,146,6,TOI47F => TOI46F
32666,32934,147,32670,32932,148,2,TOI47F => TOI48F
32666,32935,147,32670,32932,148,2,TOI47F => TOI48F
32669,32932,148,32665,32935,147,6,TOI48F => TOI47F
32669,32933,148,32665,32935,147,6,TOI48F => TOI47F
32731,32806,148,32732,32810,149,2,TOI48F => TOI49F
32731,32807,148,32732,32810,149,2,TOI48F => TOI49F
32731,32810,149,32730,32807,148,6,TOI49F => TOI48F
32731,32811,149,32730,32807,148,6,TOI49F => TOI48F
32621,32812,149,32754,32739,150,0,TOI49F => TOI50F
32622,32812,149,32754,32739,150,0,TOI49F => TOI50F
32753,32740,150,32621,32813,149,4,TOI50F => TOI49F
32754,32740,150,32621,32813,149,4,TOI50F => TOI49F
32672,32864,151,32671,32860,152,6,TOI51F => TOI52F (A)
32672,32865,151,32671,32860,152,6,TOI51F => TOI52F (A)
32740,32902,151,32732,32924,152,0,TOI51F => TOI52F (B)
32740,32903,151,32732,32925,152,0,TOI51F => TOI52F (B)
32672,32859,152,32671,32865,151,6,TOI52F => TOI51F (A)
32672,32860,152,32671,32865,151,6,TOI52F => TOI51F (A)
32732,32925,152,32739,32903,151,6,TOI52F => TOI51F (B)
32731,32806,152,32732,32807,153,0,TOI52F => TOI53F (A)
32731,32807,152,32732,32807,153,0,TOI52F => TOI53F (A)
32742,32838,152,32732,32907,153,2,TOI52F => TOI53F (B)
32742,32839,152,32732,32907,153,2,TOI52F => TOI53F (B)
32731,32808,153,32730,32807,152,6,TOI53F => TOI52F (A)
32731,32908,153,32741,32839,152,6,TOI53F => TOI52F (B)
32732,32808,153,32730,32807,152,6,TOI53F => TOI52F (A)
32732,32908,153,32741,32839,152,6,TOI53F => TOI52F (B)
32671,32864,153,32798,32797,154,6,TOI53F => TOI54F (A)
32671,32865,153,32798,32797,154,6,TOI53F => TOI54F (A)
32722,32803,153,32846,32747,154,2,TOI53F => TOI54F (B)
32645,32747,154,32722,32803,153,6,TOI54F => TOI53F (B)
32799,32796,154,32670,32865,153,6,TOI54F => TOI53F (A)
32799,32797,154,32670,32865,153,6,TOI54F => TOI53F (A)
32845,32748,154,32722,32803,153,6,TOI54F => TOI53F (B)
32745,32846,154,32734,32848,155,0,TOI54F => TOI55F (B)
32745,32847,154,32734,32848,155,0,TOI54F => TOI55F (B)
32752,32742,154,32742,32734,155,2,TOI54F => TOI55F (A)
32753,32742,154,32742,32734,155,2,TOI54F => TOI55F (A)
32733,32849,155,32744,32847,154,6,TOI55F => TOI54F (B)
32734,32849,155,32744,32847,154,6,TOI55F => TOI54F (B)
32741,32734,155,32752,32743,154,4,TOI55F => TOI54F (A)
32741,32735,155,32752,32743,154,4,TOI55F => TOI54F (A)
32834,32819,155,32735,32803,156,2,TOI55F => TOI56F
32834,32820,155,32735,32802,156,2,TOI55F => TOI56F
32735,32803,156,32833,32820,155,6,TOI56F => TOI55F
32735,32802,156,32833,32820,155,6,TOI56F => TOI55F
32796,32801,156,32747,32898,157,0,TOI56F => TOI57F
32796,32802,156,32747,32898,157,0,TOI56F => TOI57F
32746,32899,157,32796,32801,156,6,TOI57F => TOI56F
32747,32899,157,32796,32802,156,6,TOI57F => TOI56F
32672,32864,157,32671,32860,158,6,TOI57F => TOI58F (A)
32672,32865,157,32671,32860,158,6,TOI57F => TOI58F (A)
32745,32932,157,32735,32921,158,2,TOI57F => TOI58F (B)
32745,32933,157,32735,32921,158,2,TOI57F => TOI58F (B)
32672,32859,158,32671,32865,157,6,TOI58F => TOI57F (A)
32672,32860,158,32671,32865,157,6,TOI58F => TOI57F (A)
32734,32921,158,32744,32933,157,6,TOI58F => TOI57F (B)
32734,32922,158,32744,32933,157,6,TOI58F => TOI57F (B)
32614,32918,158,32617,32916,159,2,TOI58F => TOI59F (B)
32615,32918,158,32617,32916,159,2,TOI58F => TOI59F (B)
32662,32798,158,32657,32791,159,2,TOI58F => TOI59F (A)
32662,32799,158,32657,32791,159,2,TOI58F => TOI59F (A)
32616,32916,159,32614,32919,158,4,TOI59F => TOI58F (B)
32616,32917,159,32614,32919,158,4,TOI59F => TOI58F (B)
32656,32791,159,32661,32799,158,6,TOI59F => TOI58F (A)
32656,32792,159,32661,32799,158,6,TOI59F => TOI58F (A)
32711,32806,159,32681,32814,160,2,TOI59F => TOI60F (A)
32711,32807,159,32681,32814,160,2,TOI59F => TOI60F (A)
32745,32840,159,32749,32814,160,0,TOI59F => TOI60F (B)
32745,32841,159,32749,32814,160,0,TOI59F => TOI60F (B)
32680,32814,160,32710,32807,159,6,TOI60F => TOI59F (A)
32680,32815,160,32710,32807,159,6,TOI60F => TOI59F (A)
32748,32815,160,32744,32841,159,6,TOI60F => TOI59F (B)
32749,32815,160,32744,32841,159,6,TOI60F => TOI59F (B)
32731,32799,161,32695,32788,162,0,TOI61F => TOI62F (A)
32732,32799,161,32695,32788,162,0,TOI61F => TOI62F (A)
32740,32902,161,32740,32915,162,2,TOI61F => TOI62F (B)
32740,32903,161,32740,32915,162,2,TOI61F => TOI62F (B)
32694,32789,162,32731,32800,161,4,TOI62F => TOI61F (A)
32695,32789,162,32731,32800,161,4,TOI62F => TOI61F (A)
32739,32915,162,32739,32903,161,6,TOI62F => TOI61F (B)
32739,32916,162,32739,32903,161,6,TOI62F => TOI61F (B)
32742,32838,162,32731,32847,163,2,TOI62F => TOI63F (A)
32742,32839,162,32731,32847,163,2,TOI62F => TOI63F (A)
32745,32878,162,32732,32907,163,0,TOI62F => TOI63F (B)
32745,32879,162,32732,32907,163,0,TOI62F => TOI63F (B)
32730,32847,163,32741,32839,162,6,TOI63F => TOI62F (A)
32730,32848,163,32741,32839,162,6,TOI63F => TOI62F (A)
32731,32908,163,32744,32879,162,6,TOI63F => TOI62F (B)
32732,32908,163,32744,32879,162,6,TOI63F => TOI62F (B)
32671,32864,163,32798,32797,164,6,TOI63F => TOI64F (B)
32671,32865,163,32798,32797,164,6,TOI63F => TOI64F (B)
32732,32812,163,32873,32753,164,2,TOI63F => TOI64F (A)
32733,32812,163,32873,32753,164,2,TOI63F => TOI64F (A)
32799,32796,164,32670,32865,163,6,TOI64F => TOI63F (B)
32799,32797,164,32670,32865,163,6,TOI64F => TOI63F (B)
32872,32753,164,32732,32813,163,4,TOI64F => TOI63F (A)
32872,32754,164,32732,32813,163,4,TOI64F => TOI63F (A)
32756,32850,164,32734,32848,165,0,TOI64F => TOI65F (B)
32757,32850,164,32734,32848,165,0,TOI64F => TOI65F (B)
32870,32843,164,32874,32858,165,2,TOI64F => TOI65F (A)
32870,32844,164,32874,32858,165,2,TOI64F => TOI65F (A)
32733,32849,165,32756,32850,164,4,TOI65F => TOI64F (B)
32734,32849,165,32756,32850,164,4,TOI65F => TOI64F (B)
32873,32858,165,32869,32844,164,6,TOI65F => TOI64F (A)
32873,32859,165,32869,32844,164,6,TOI65F => TOI64F (A)
32871,32726,165,32736,32802,166,2,TOI65F => TOI66F
32871,32727,165,32736,32802,166,2,TOI65F => TOI66F
32735,32802,166,32870,32727,165,6,TOI66F => TOI65F
32735,32803,166,32870,32727,165,6,TOI66F => TOI65F
32796,32801,166,32747,32898,167,0,TOI66F => TOI67F (A)
32796,32802,166,32747,32898,167,0,TOI66F => TOI67F (A)
32746,32899,167,32795,32802,166,6,TOI67F => TOI66F (A)
32747,32899,167,32795,32802,166,6,TOI67F => TOI66F (A)
32602,32790,167,32609,32807,168,0,TOI67F => TOI68F (B)
32603,32790,167,32609,32807,168,0,TOI67F => TOI68F (B)
32745,32932,167,32735,32921,168,2,TOI67F => TOI68F (A)
32745,32933,167,32735,32921,168,2,TOI67F => TOI68F (A)
32608,32808,168,32602,32791,167,4,TOI68F => TOI67F (B)
32609,32808,168,32602,32791,167,4,TOI68F => TOI67F (B)
32734,32921,168,32744,32933,167,6,TOI68F => TOI67F (A)
32734,32922,168,32744,32933,167,6,TOI68F => TOI67F (A)
32614,32918,168,32637,32928,169,0,TOI68F => TOI69F (B)
32615,32918,168,32637,32928,169,0,TOI68F => TOI69F (B)
32746,32858,168,32744,32844,169,2,TOI68F => TOI69F (A)
32746,32859,168,32744,32844,169,2,TOI68F => TOI69F (A)
32636,32929,169,32614,32919,168,4,TOI69F => TOI68F (B)
32637,32929,169,32614,32919,168,4,TOI69F => TOI68F (B)
32743,32844,169,32745,32859,168,6,TOI69F => TOI68F (A)
32743,32845,169,32745,32859,168,6,TOI69F => TOI68F (A)
32656,32790,169,32634,32788,170,0,TOI69F => TOI70F (A)
32657,32790,169,32634,32788,170,0,TOI69F => TOI70F (A)
32710,32935,169,32710,32925,170,2,TOI69F => TOI70F (B)
32710,32936,169,32710,32925,170,2,TOI69F => TOI70F (B)
32633,32789,170,32656,32791,169,4,TOI70F => TOI69F (A)
32634,32789,170,32656,32791,169,4,TOI70F => TOI69F (A)
32709,32925,170,32709,32936,169,6,TOI70F => TOI69F (B)
32709,32926,170,32709,32936,169,6,TOI70F => TOI69F (B)
32604,32828,171,32601,32844,172,0,TOI71F => TOI72F (A)
32605,32828,171,32601,32844,172,0,TOI71F => TOI72F (A)
32740,32902,171,32747,32879,172,2,TOI71F => TOI72F (B)
32740,32903,171,32747,32879,172,2,TOI71F => TOI72F (B)
32600,32845,172,32604,32829,171,4,TOI72F => TOI71F (A)
32601,32845,172,32604,32829,171,4,TOI72F => TOI71F (A)
32746,32879,172,32739,32903,171,6,TOI72F => TOI71F (B)
32746,32880,172,32739,32903,171,6,TOI72F => TOI71F (B)
32657,32790,172,32676,32798,173,0,TOI72F => TOI73F (A)
32658,32790,172,32676,32798,173,0,TOI72F => TOI73F (A)
32742,32838,172,32732,32907,173,0,TOI72F => TOI73F (B)
32742,32839,172,32732,32907,173,0,TOI72F => TOI73F (B)
32675,32799,173,32657,32791,172,4,TOI73F => TOI72F (A)
32676,32799,173,32657,32791,172,4,TOI73F => TOI72F (A)
32731,32908,173,32741,32839,172,6,TOI73F => TOI72F (B)
32732,32908,173,32741,32839,172,6,TOI73F => TOI72F (B)
32671,32864,173,32798,32797,174,6,TOI73F => TOI74F (A)
32671,32865,173,32798,32797,174,6,TOI73F => TOI74F (A)
32693,32920,173,32826,32836,174,0,TOI73F => TOI74F (B)
32694,32920,173,32826,32836,174,0,TOI73F => TOI74F (B)
32799,32796,174,32670,32865,173,6,TOI74F => TOI73F (A)
32799,32797,174,32670,32865,173,6,TOI74F => TOI73F (A)
32825,32837,174,32693,32921,173,4,TOI74F => TOI73F (B)
32826,32837,174,32693,32921,173,4,TOI74F => TOI73F (B)
32752,32742,174,32791,32727,175,0,TOI74F => TOI75F (A)
32753,32742,174,32791,32727,175,0,TOI74F => TOI75F (A)
32870,32763,174,32874,32858,175,2,TOI74F => TOI75F (B)
32871,32763,174,32874,32858,175,2,TOI74F => TOI75F (B)
32790,32728,175,32752,32743,174,4,TOI75F => TOI74F (A)
32791,32728,175,32752,32743,174,4,TOI75F => TOI74F (A)
32873,32858,175,32870,32764,174,4,TOI75F => TOI74F (B)
32873,32859,175,32870,32764,174,4,TOI75F => TOI74F (B)
32871,32726,175,32735,32803,176,0,TOI75F => TOI76F
32871,32727,175,32735,32802,176,0,TOI75F => TOI76F
32735,32802,176,32870,32727,175,6,TOI76F => TOI75F
32735,32803,176,32870,32727,175,6,TOI76F => TOI75F
32795,32800,176,32671,32861,177,6,TOI76F => TOI77F
32796,32802,176,32671,32861,177,6,TOI76F => TOI77F
32672,32860,177,32795,32800,176,6,TOI77F => TOI76F
32672,32861,177,32796,32802,176,6,TOI77F => TOI76F
32602,32790,177,32620,32797,178,0,TOI77F => TOI78F (A)
32603,32790,177,32620,32797,178,0,TOI77F => TOI78F (A)
32745,32932,177,32735,32921,178,2,TOI77F => TOI78F (B)
32745,32933,177,32735,32921,178,2,TOI77F => TOI78F (B)
32619,32798,178,32602,32791,177,4,TOI78F => TOI77F (A)
32620,32798,178,32602,32791,177,4,TOI78F => TOI77F (A)
32734,32921,178,32744,32933,177,6,TOI78F => TOI77F (B)
32734,32922,178,32744,32933,177,6,TOI78F => TOI77F (B)
32614,32918,178,32614,32914,179,0,TOI78F => TOI79F (B)
32615,32918,178,32614,32914,179,0,TOI78F => TOI79F (B)
32677,32790,178,32693,32790,179,0,TOI78F => TOI79F (A)
32678,32790,178,32693,32790,179,0,TOI78F => TOI79F (A)
32613,32915,179,32614,32919,178,4,TOI79F => TOI78F (B)
32614,32915,179,32614,32919,178,4,TOI79F => TOI78F (B)
32692,32791,179,32677,32791,178,4,TOI79F => TOI78F (A)
32693,32791,179,32677,32791,178,4,TOI79F => TOI78F (A)
32633,32790,179,32634,32789,180,0,TOI79F => TOI80F (A)
32634,32790,179,32634,32789,180,0,TOI79F => TOI80F (A)
32745,32841,179,32749,32876,180,2,TOI79F => TOI80F (B)
32745,32842,179,32749,32876,180,2,TOI79F => TOI80F (B)
32633,32790,180,32633,32791,179,4,TOI80F => TOI79F (A)
32634,32790,180,32633,32791,179,4,TOI80F => TOI79F (A)
32748,32876,180,32744,32842,179,6,TOI80F => TOI79F (B)
32748,32877,180,32744,32842,179,6,TOI80F => TOI79F (B)
32672,32864,181,32671,32860,182,6,TOI81F => TOI82F (A)
32672,32865,181,32671,32860,182,6,TOI81F => TOI82F (A)
32740,32902,181,32747,32879,182,2,TOI81F => TOI82F (B)
32740,32903,181,32747,32879,182,2,TOI81F => TOI82F (B)
32672,32859,182,32671,32865,181,6,TOI82F => TOI81F (A)
32672,32860,182,32671,32865,181,6,TOI82F => TOI81F (A)
32746,32879,182,32739,32903,181,6,TOI82F => TOI81F (B)
32746,32880,182,32739,32903,181,6,TOI82F => TOI81F (B)
32681,32790,182,32675,32799,183,0,TOI82F => TOI83F (A)
32682,32790,182,32675,32799,183,0,TOI82F => TOI83F (A)
32742,32838,182,32732,32907,183,0,TOI82F => TOI83F (B)
32742,32839,182,32732,32907,183,0,TOI82F => TOI83F (B)
32674,32800,183,32681,32791,182,4,TOI83F => TOI82F (A)
32675,32800,183,32681,32791,182,4,TOI83F => TOI82F (A)
32731,32908,183,32741,32839,182,6,TOI83F => TOI82F (B)
32732,32908,183,32741,32839,182,6,TOI83F => TOI82F (B)
32691,32927,183,32846,32862,184,2,TOI83F => TOI84F (B)
32691,32928,183,32846,32862,184,2,TOI83F => TOI84F (B)
32722,32802,183,32873,32753,184,2,TOI83F => TOI84F (A)
32722,32803,183,32873,32753,184,2,TOI83F => TOI84F (A)
32845,32862,184,32690,32928,183,6,TOI84F => TOI83F (A)
32845,32863,184,32690,32928,183,6,TOI84F => TOI83F (A)
32872,32753,184,32721,32803,183,6,TOI84F => TOI83F (B)
32872,32754,184,32721,32803,183,6,TOI84F => TOI83F (B)
32747,32850,184,32734,32848,185,0,TOI84F => TOI85F (A)
32748,32850,184,32734,32848,185,0,TOI84F => TOI85F (A)
32870,32843,184,32874,32858,185,2,TOI84F => TOI85F (B)
32870,32844,184,32874,32858,185,2,TOI84F => TOI85F (B)
32733,32849,185,32747,32851,184,4,TOI85F => TOI84F (A)
32734,32849,185,32747,32851,184,4,TOI85F => TOI84F (A)
32873,32858,185,32869,32844,184,6,TOI85F => TOI84F (B)
32873,32859,185,32869,32844,184,6,TOI85F => TOI84F (B)
32871,32726,185,32735,32803,186,0,TOI85F => TOI86F
32871,32727,185,32735,32802,186,0,TOI85F => TOI86F
32735,32803,186,32870,32727,185,6,TOI86F => TOI85F
32735,32802,186,32870,32727,185,6,TOI86F => TOI85F
32795,32800,186,32671,32861,187,6,TOI86F => TOI87F
32796,32802,186,32671,32861,187,6,TOI86F => TOI87F
32672,32860,187,32795,32800,186,6,TOI87F => TOI86F
32672,32861,187,32796,32802,186,6,TOI87F => TOI86F
32602,32790,187,32663,32798,188,0,TOI87F => TOI88F (A)
32603,32790,187,32663,32798,188,0,TOI87F => TOI88F (A)
32745,32932,187,32735,32921,188,2,TOI87F => TOI88F (B)
32745,32933,187,32735,32921,188,2,TOI87F => TOI88F (B)
32662,32799,188,32602,32791,187,4,TOI88F => TOI87F (A)
32663,32799,188,32602,32791,187,4,TOI88F => TOI87F (A)
32734,32921,188,32744,32933,187,6,TOI88F => TOI87F (B)
32734,32922,188,32744,32933,187,6,TOI88F => TOI87F (B)
32614,32918,188,32637,32928,189,0,TOI88F => TOI89F (A)
32615,32918,188,32637,32928,189,0,TOI88F => TOI89F (A)
32745,32858,188,32747,32877,189,2,TOI88F => TOI89F (B)
32745,32859,188,32747,32877,189,2,TOI88F => TOI89F (B)
32636,32929,189,32614,32919,188,4,TOI89F => TOI88F (A)
32637,32929,189,32614,32919,188,4,TOI89F => TOI88F (A)
32746,32877,189,32744,32859,188,6,TOI89F => TOI88F (B)
32746,32878,189,32744,32859,188,6,TOI89F => TOI88F (B)
32656,32790,189,32633,32789,190,0,TOI89F => TOI90F (A)
32657,32790,189,32633,32789,190,0,TOI89F => TOI90F (A)
32745,32841,189,32748,32877,190,2,TOI89F => TOI90F (B)
32745,32842,189,32748,32877,190,2,TOI89F => TOI90F (B)
32632,32790,190,32656,32791,189,4,TOI90F => TOI89F (A)
32633,32790,190,32656,32791,189,4,TOI90F => TOI89F (A)
32747,32877,190,32744,32842,189,6,TOI90F => TOI89F (B)
32747,32878,190,32744,32842,189,6,TOI90F => TOI89F (B)
32672,32864,191,32671,32860,192,6,TOI91F => TOI92F (A)
32672,32865,191,32671,32860,192,6,TOI91F => TOI92F (A)
32740,32902,191,32747,32879,192,2,TOI91F => TOI92F (B)
32740,32903,191,32747,32879,192,2,TOI91F => TOI92F (B)
32672,32859,192,32671,32865,191,6,TOI92F => TOI91F (A)
32672,32860,192,32671,32865,191,6,TOI92F => TOI91F (A)
32746,32879,192,32739,32903,191,6,TOI92F => TOI91F (B)
32746,32880,192,32739,32903,191,6,TOI92F => TOI91F (B)
32731,32806,192,32730,32804,193,2,TOI92F => TOI93F (A)
32731,32807,192,32730,32804,193,2,TOI92F => TOI93F (A)
32736,32913,192,32732,32907,193,0,TOI92F => TOI93F (B)
32736,32914,192,32732,32907,193,0,TOI92F => TOI93F (B)
32729,32804,193,32730,32807,192,6,TOI93F => TOI92F (A)
32729,32805,193,32730,32807,192,6,TOI93F => TOI92F (A)
32731,32908,193,32735,32914,192,6,TOI93F => TOI92F (B)
32732,32908,193,32735,32914,192,6,TOI93F => TOI92F (B)
32662,32820,193,32845,32748,194,2,TOI93F => TOI94F (A)
32663,32820,193,32845,32748,194,2,TOI93F => TOI94F (A)
32736,32858,193,32869,32834,194,2,TOI93F => TOI94F (B)
32736,32859,193,32869,32834,194,2,TOI93F => TOI94F (B)
32844,32748,194,32662,32821,193,4,TOI94F => TOI93F (A)
32844,32749,194,32662,32821,193,4,TOI94F => TOI93F (A)
32868,32834,194,32735,32859,193,6,TOI94F => TOI93F (B)
32868,32835,194,32735,32859,193,6,TOI94F => TOI93F (B)
32756,32824,194,32734,32848,195,0,TOI94F => TOI95F (A)
32757,32824,194,32734,32848,195,0,TOI94F => TOI95F (A)
32799,32800,194,32798,32798,195,6,TOI94F => TOI95F (B)
32799,32801,194,32798,32798,195,6,TOI94F => TOI95F (B)
32733,32849,195,32756,32825,194,4,TOI95F => TOI94F (A)
32734,32849,195,32756,32825,194,4,TOI95F => TOI94F (A)
32799,32797,195,32798,32801,194,6,TOI95F => TOI94F (B)
32799,32798,195,32798,32801,194,6,TOI95F => TOI94F (B)
32743,32731,195,32735,32803,196,0,TOI95F => TOI96F
32744,32731,195,32735,32802,196,0,TOI95F => TOI96F
32735,32803,196,32743,32732,195,4,TOI96F => TOI95F
32735,32802,196,32743,32732,195,4,TOI96F => TOI95F
32795,32800,196,32671,32861,197,6,TOI96F => TOI97F
32796,32802,196,32671,32861,197,6,TOI96F => TOI97F
32672,32860,197,32795,32800,196,6,TOI97F => TOI96F
32672,32861,197,32796,32802,196,6,TOI97F => TOI96F
32602,32790,197,32620,32797,198,0,TOI97F => TOI98F (A)
32603,32790,197,32620,32797,198,0,TOI97F => TOI98F (A)
32745,32932,197,32735,32921,198,2,TOI97F => TOI98F (B)
32745,32933,197,32735,32921,198,2,TOI97F => TOI98F (B)
32619,32798,198,32602,32791,197,4,TOI98F => TOI97F (A)
32620,32798,198,32602,32791,197,4,TOI98F => TOI97F (A)
32734,32921,198,32744,32933,197,6,TOI98F => TOI97F (B)
32734,32922,198,32744,32933,197,6,TOI98F => TOI97F (B)
32614,32918,198,32637,32928,199,0,TOI98F => TOI99F (A)
32615,32918,198,32637,32928,199,0,TOI98F => TOI99F (A)
32670,32936,198,32711,32928,199,2,TOI98F => TOI99F (B)
32670,32937,198,32711,32928,199,2,TOI98F => TOI99F (B)
32636,32929,199,32614,32919,198,4,TOI99F => TOI98F (A)
32637,32929,199,32614,32919,198,4,TOI99F => TOI98F (A)
32710,32928,199,32669,32937,198,6,TOI99F => TOI98F (B)
32710,32929,199,32669,32937,198,6,TOI99F => TOI98F (B)
32623,32916,199,32632,32974,200,4,TOI99F> TOI100F
32720,32872,199,32731,32856,200,2,TOI99F => TOI100F
32720,32873,199,32731,32856,200,2,TOI99F => TOI100F
32632,32974,200,32623,32916,199,4,TOI99F> TOI100F
32730,32856,200,32719,32873,199,6,TOI100F => TOI99F
32730,32857,200,32719,32873,199,6,TOI100F => TOI99F
32868,32919,201,32929,32798,201,5,MQD> MQD
32727,32789,237,32813,32810,13,2,Jimdungeons> MLC7F
32670,33122,240,32760,32882,241,4,KC1F => KC2F
32760,32882,241,32670,33122,240,0,KC2F => KC1F
32732,32928,241,32808,32917,242,4,KC2F => KC3F
32808,32917,242,32732,32928,241,0,KC3F => KC2F
32740,33007,242,32745,32852,243,4,KC3F => KC4F
32745,32852,243,32740,33007,242,0,KC4F => KC3F
32752,32812,244,32842,32917,244,0,오염 된 축복의 땅 : 오크 지역 => 중앙 섬
32752,32813,244,32842,32917,244,0,오염 된 축복의 땅 : 오크 지역 => 중앙 섬
32880,32907,244,32982,32808,244,0,오염 된 축복의 땅 : 중앙 섬 => 출발점
32880,32908,244,32982,32808,244,0,오염 된 축복의 땅 : 중앙 섬 => 출발점
32734,32870,248,32807,32855,249,4,기란 성 던전 : 1F => 기란 성 던전 : 2F
32807,32855,249,32734,32870,248,0,기란 성 던전 : 2F => 기란 성 던전 : 1F
32726,32870,249,32808,32863,250,4,기란 성 던전 : 2F => 기란 성 던전 : 3F
32808,32863,250,32726,32870,249,0,기란 성 던전 : 3F => 기란 성 던전 : 2F
32728,32791,250,32809,32807,251,0,기란 성 던전 : 3F => 백작의 방
32809,32807,251,32728,32791,250,4,백작의 방 => 기란 성 던전 : 3F
32747,32860,252,32575,32814,64,0,하이네 성 던전 : 하이네 지하 감옥 => 하이네 성내
32747,32861,252,32575,32814,64,0,하이네 성 던전 : 하이네 지하 감옥 => 하이네 성내
32599,32873,252,32756,32859,253,0,하이네 성 던전 : 하이네 지하 감옥 => 하이네 성 던전 : 에바 왕국
32599,32874,252,32757,32859,253,0,하이네 성 던전 : 하이네 지하 감옥 => 하이네 성 던전 : 에바 왕국
32756,32858,253,32600,32873,252,0,하이네 성 던전 : 에바 왕국 => 하이네 성 던전 : 하이네 지하 감옥
32757,32858,253,32600,32874,252,0,하이네 성 던전 : 에바 왕국 => 하이네 성 던전 : 하이네 지하 감옥
32808,32984,253,32615,32793,254,0,하이네 성 던전 : 에바 왕국 => 하이네 성 던전 : 바베이도스의 은신처
32808,32985,253,32616,32793,254,0,하이네 성 던전 : 에바 왕국 => 하이네 성 던전 : 바베이도스의 은신처
32616,32792,254,32807,32984,253,0,하이네 성 던전 : 바베이도스의 은신처 => 하이네 성 던전 : 에바 왕국
32812,32813,255,32696,32793,256,0,지저 성 던전 : 광산 => 지저 성 던전 : 황야
32812,32814,255,32697,32793,256,0,지저 성 던전 : 광산 => 지저 성 던전 : 황야
32696,32792,256,32811,32813,255,0,지저 성 던전 : 황야 => 지저 성 던전 : 광산
32697,32792,256,32811,32814,255,0,지저 성 던전 : 황야 => 지저 성 던전 : 광산
32807,32803,257,32800,32799,258,5,아덴성 던전 : 1F => 아덴성 던전 : 2F
32808,32803,257,32800,32799,258,5,아덴성 던전 : 1F => 아덴성 던전 : 2F
32809,32803,257,32800,32799,258,5,아덴성 던전 : 1F => 아덴성 던전 : 2F
32801,32798,258,32808,32803,257,0,아덴성 던전 : 2F => 아덴성 던전 : 1F
32801,32799,258,32808,32803,257,0,아덴성 던전 : 2F => 아덴성 던전 : 1F
32679,32803,258,32734,32789,259,5,아덴성 던전 : 2F => 아덴성 던전 : 3F
32680,32803,258,32734,32789,259,5,아덴성 던전 : 2F => 아덴성 던전 : 3F
32680,32971,258,32741,32938,259,6,마야의 은신처 => 아덴성 던전 : 3F
32680,32972,258,32741,32938,259,6,마야의 은신처 => 아덴성 던전 : 3F
32680,32973,258,32741,32938,259,6,마야의 은신처 => 아덴성 던전 : 3F
32681,32803,258,32734,32789,259,5,아덴성 던전 : 2F => 아덴성 던전 : 3F
32735,32788,259,32680,32803,258,0,아덴성 던전 : 3F => 아덴성 던전 : 2F
32735,32789,259,32680,32803,258,0,아덴성 던전 : 3F => 아덴성 던전 : 2F
32742,32937,259,32680,32972,258,2,아덴성 던전 : 3F => 마야의 은신처
32742,32938,259,32680,32972,258,2,아덴성 던전 : 3F => 마야의 은신처
32678,32789,301,34150,33382,4,6,지하수 => 필드
32661,32933,301,32872,32870,101,2,지하수 => 오만의 탑 : 1F
32624,32802,304,33389,32273,4,2,침묵의 동굴 => 필드
32625,32802,304,33389,32273,4,1,침묵의 동굴 => 필드
32803,32823,304,32731,32786,305,2,침묵의 동굴 => Elder cave
32731,32785,305,32802,32823,304,2,Elder cave => 침묵의 동굴
32762,32822,307,32564,33460,4,2,지하 침공로 : 1F => 필드
32931,32875,307,32751,32823,308,2,지하 침공로 : 1F => 지하 침공로 : 2F
32565,32880,306,32545,32927,306,6,사념의 던전 → 데스 프리스트 사이
32752,32823,308,32929,32875,307,2,지하 침공로 : 2F => 지하 침공로 : 1F
32993,32914,308,32757,32836,309,2,지하 침공로 : 2F => 지하 침공로 : 3F
32758,32836,309,32992,32914,308,2,지하 침공로 : 3F => 지하 침공로 : 2F
33060,32882,309,32722,32850,320,2,지하 침공로 : 3F => 디아 드 요새
32783,32839,310,32863,32942,310,0,옴 부락 => 옴 던전
32863,32942,310,32783,32839,310,0,옴 던전 => 옴 부락
32785,32939,310,32811,32788,320,2,옴 던전 => 디아 드 요새
32721,32849,320,33059,32882,309,2,디아 드 요새 => 지하 침공로 : 3F
32811,32787,320,32785,32938,310,2,디아 드 요새 => 옴 던전
33008,32835,320,32729,33000,330,2,디아 드 요새 => 블랙 미스릴 광산
33066,32894,320,32530,32805,400,2,디아 드 요새 => 지하 대 공동
33066,32895,320,32530,32805,400,2,디아 드 요새 => 지하 대 공동
33066,32896,320,32530,32805,400,2,디아 드 요새 => 지하 대 공동
33066,32897,320,32530,32805,400,2,디아 드 요새 => 지하 대 공동
32729,33001,330,33008,32836,320,2,블랙 미스릴 광산 => 디아 드 요새
32528,32803,400,33065,32894,320,6,지하 대 공동 => 디아 드 요새
32528,32804,400,33065,32894,320,6,지하 대 공동 => 디아 드 요새
32528,32805,400,33065,32894,320,6,지하 대 공동 => 디아 드 요새
32528,32806,400,33065,32894,320,6,지하 대 공동 => 디아 드 요새
32528,32807,400,33065,32894,320,6,지하 대 공동 => 디아 드 요새
32795,32833,400,32821,32843,400,2,고대 거인의 무덤 (오른쪽) => 지하 동굴
32799,33005,400,32857,32945,400,2,마족 신전 입구 => 고대 거인의 무덤 (오른쪽)
32820,32843,400,32794,32833,400,2,지하 동굴 => 고대 거인의 무덤 (오른쪽)
32858,32945,400,32799,33004,400,2,고대 거인의 무덤 (오른쪽) => 마족 신전 입구
32678,32819,400,32804,32870,401,2,지하 동굴 은둔자 => 고대 거인의 무덤 (왼쪽) (중간 통로)
32681,32971,400,32786,32806,401,4,지하 동굴 은둔자 => 지저 호수 통로 (중간 통로)
32706,32637,400,32768,32791,401,4,지하 동굴 => 옴 던전 (중간 통로)
32758,32636,400,32797,32838,401,2,고대 거인의 무덤 (왼쪽) => 고대 거인의 무덤 (왼쪽) (중간 통로)
32823,32854,400,32812,32790,401,6,지저 호수 통로 => 지저 호수 통로 (중간 통로)
32826,33001,400,32929,32995,410,2,마족 신전 입구 => 마족 신전
32930,32971,400,32777,32854,420,2,지하 동굴 => 지저 호수
33005,32762,400,32656,32852,450,2,지하 대 공동 => 라스타바드 성 : 정문
33005,32763,400,32656,32853,450,2,지하 대 공동 => 라스타바드 성 : 정문
33005,32764,400,32656,32854,450,2,지하 대 공동 => 라스타바드 성 : 정문
32727,32800,401,32828,32792,310,6,옴 던전 (중간 통로) 1 => 옴 던전
32728,32800,401,32828,32792,310,6,옴 던전 (중간 통로) 2 => 옴 던전
32729,32800,401,32828,32792,310,6,옴 던전 (중간 통로) 3 => 옴 던전
32768,32790,401,32705,32637,400,6,옴 던전 (중간 통로) 1 => 지하 동굴
32769,32790,401,32705,32637,400,6,옴 던전 (중간 통로) 2 => 지하 동굴
32786,32805,401,32680,32971,400,6,지저 호수 통로 (중간 통로) 1 => 지하 동굴 은둔자
32787,32805,401,32680,32971,400,6,지저 호수 통로 (중간 통로) 2 => 지하 동굴 은둔자
32797,32837,401,32757,32636,400,0,고대 거인의 무덤 (왼쪽) (중간 통로) 1 => 고대 거인의 무덤 (왼쪽)
32798,32837,401,32757,32636,400,0,고대 거인의 무덤 (왼쪽) (중간 통로) 2 => 고대 거인의 무덤 (왼쪽)
32804,32869,401,32677,32819,400,0,고대 거인의 무덤 (왼쪽) (중간 통로) 1 => 지하 동굴 은둔자
32805,32869,401,32677,32819,400,0,고대 거인의 무덤 (왼쪽) (중간 통로) 2 => 지하 동굴 은둔자
32813,32789,401,32823,32855,400,4,지저 호수 통로 (중간 통로) 1 => 지저 호수 통로
32813,32790,401,32823,32855,400,4,지저 호수 통로 (중간 통로) 2 => 지저 호수 통로
32930,32995,410,32825,33001,400,2,마족 신전 => 지하 대 공동
32777,32853,420,32930,32972,400,2,지저 호수 => 지하 대 공동
32807,33047,420,32934,32786,430,2,지저 호수 => 정령의 무덤
32524,33134,440,32679,32862,441,2,해적 섬 => PIC1F (B)
32524,33135,440,32679,32862,441,2,해적 섬 => PIC1F (B)
32524,33136,440,32679,32862,441,2,해적 섬 => PIC1F (B)
32536,32888,440,32738,32738,441,2,해적 섬 => PIC1F (A)
32537,32888,440,32738,32738,441,2,해적 섬 => PIC1F (A)
32538,32888,440,32738,32738,441,2,해적 섬 => PIC1F (A)
32296,33087,440,32735,32795,446,4,해적 섬 선착장 => 숨겨진 선착장가는 배
32297,33087,440,32735,32795,446,4,해적 섬 선착장 => 숨겨진 선착장가는 배
32298,33087,440,32735,32795,446,4,해적 섬 선착장 => 숨겨진 선착장가는 배
32725,33040,440,32658,32944,480,2,바다 족 섬 (아래) => 바다 족 섬 후반부 (아래)
32725,33041,440,32658,32945,480,2,바다 족 섬 (아래) => 바다 족 섬 후반부 (아래)
32725,33042,440,32658,32946,480,2,바다 족 섬 (아래) => 바다 족 섬 후반부 (아래)
32733,32921,440,32657,32863,480,2,바다 족 섬 (위) => 바다 족 섬 후반부 (상)
32733,32922,440,32657,32864,480,2,바다 족 섬 (위) => 바다 족 섬 후반부 (상)
32733,32923,440,32657,32865,480,2,바다 족 섬 (위) => 바다 족 섬 후반부 (상)
32678,32861,441,32522,33135,440,2,PIC1F (B) => 해적 섬
32679,32861,441,32522,33135,440,2,PIC1F (B) => 해적 섬
32680,32861,441,32522,33135,440,2,PIC1F (B) => 해적 섬
32737,32737,441,32537,32890,440,2,PIC1F (A) => 해적 섬
32738,32737,441,32537,32890,440,2,PIC1F (A) => 해적 섬
32739,32737,441,32537,32890,440,2,PIC1F (A) => 해적 섬
32805,32802,441,32862,32730,442,2,PIC1F => PIC2F
32862,32729,442,32806,32802,441,2,PIC2F => PIC1F
32860,32799,442,32864,32781,443,2,PIC2F => PIC3F
32864,32780,443,32860,32798,442,2,PIC3F => PIC2F
32752,32745,443,32745,32809,444,2,PIC3F => PIC4F
32749,32809,444,32752,32745,443,2,PIC4F => PIC3F
32738,32851,445,32738,32475,4,2,숨겨진 선착장 => 화전민 마을
32739,32851,445,32738,32475,4,2,숨겨진 선착장 => 화전민 마을
32750,32874,445,32732,32797,447,4,숨겨진 선착장 => 해적 섬가는 배
32751,32874,445,32732,32797,447,4,숨겨진 선착장 => 해적 섬가는 배
32752,32874,445,32732,32797,447,4,숨겨진 선착장 => 해적 섬가는 배
32735,32794,446,32297,33086,440,0,숨겨진 선착장가는 배 => 해적 섬 선착장
32736,32794,446,32297,33086,440,0,숨겨진 선착장가는 배 => 해적 섬 선착장
32731,32796,447,32751,32873,445,0,해적 섬가는 배 => 숨겨진 선착장
32732,32796,447,32751,32873,445,0,해적 섬가는 배 => 숨겨진 선착장
32733,32796,447,32751,32873,445,0,해적 섬가는 배 => 숨겨진 선착장
32655,32852,450,33004,32762,400,6,라스타바드 성 : 정문 => 지하 대 공동
32655,32853,450,33004,32763,400,6,라스타바드 성 : 정문 => 지하 대 공동
32655,32854,450,33004,32764,400,6,라스타바드 성 : 정문 => 지하 대 공동
32770,32848,450,32726,32847,451,2,라스타바드 성 : 정문 => 1F 집회장
32770,32849,450,32726,32848,451,2,라스타바드 성 : 정문 => 1F 집회장
32770,32850,450,32726,32849,451,2,라스타바드 성 : 정문 => 1F 집회장
32724,32848,451,32769,32849,450,6,라스타바드 성 : 1F 집회장 => 정문
32813,32832,451,32723,32825,452,2,라스타바드 성 : 1F 집회장 => 돌격 훈련장
32813,32833,451,32723,32825,452,2,라스타바드 성 : 1F 집회장 => 돌격 훈련장
32813,32834,451,32723,32825,452,2,라스타바드 성 : 1F 집회장 => 돌격 훈련장
32813,32835,451,32723,32825,452,2,라스타바드 성 : 1F 집회장 => 돌격 훈련장
32786,32792,451,32682,32742,491,4,라스타바드 성 : 1F 집회장 => 지하 통로
32723,32824,452,32813,32834,451,6,라스타바드 성 : 돌격 훈련장 => 1F 집회장
32723,32825,452,32813,32834,451,6,라스타바드 성 : 돌격 훈련장 => 1F 집회장
32811,32835,452,32723,32851,453,2,라스타바드 성 : 돌격 훈련장 => 마수 군왕의 집무실
32811,32836,452,32723,32851,453,2,라스타바드 성 : 돌격 훈련장 => 마수 군왕의 집무실
32811,32837,452,32723,32851,453,2,라스타바드 성 : 돌격 훈련장 => 마수 군왕의 집무실
32811,32838,452,32723,32851,453,2,라스타바드 성 : 돌격 훈련장 => 마수 군왕의 집무실
32723,32850,453,32811,32837,452,6,라스타바드 성 : 마수 군왕의 집무실 => 돌격 훈련장
32723,32851,453,32811,32837,452,6,라스타바드 성 : 마수 군왕의 집무실 => 돌격 훈련장
32723,32852,453,32811,32837,452,6,라스타바드 성 : 마수 군왕의 집무실 => 돌격 훈련장
32723,32853,453,32811,32837,452,6,라스타바드 성 : 마수 군왕의 집무실 => 돌격 훈련장
32766,32830,453,32729,32875,454,0,라스타바드 성 : 마수 군왕의 집무실 => 야수 조 교실
32767,32830,453,32729,32875,454,0,라스타바드 성 : 마수 군왕의 집무실 => 야수 조 교실
32768,32830,453,32729,32875,454,0,라스타바드 성 : 마수 군왕의 집무실 => 야수 조 교실
32769,32830,453,32729,32875,454,0,라스타바드 성 : 마수 군왕의 집무실 => 야수 조 교실
32793,32851,453,32752,32869,456,2,라스타바드 성 : 마수 군왕의 집무실 => 마수 소환 실
32793,32852,453,32752,32870,456,2,라스타바드 성 : 마수 군왕의 집무실 => 마수 소환 실
32793,32853,453,32752,32871,456,2,라스타바드 성 : 마수 군왕의 집무실 => 마수 소환 실
32793,32854,453,32752,32872,456,2,라스타바드 성 : 마수 군왕의 집무실 => 마수 소환 실
32723,32727,453,32665,32852,457,4,라스타바드 성 : 마수 군왕의 집무실 => 1F 어둠의 결계
32723,32728,453,32665,32852,457,4,라스타바드 성 : 마수 군왕의 집무실 => 1F 어둠의 결계
32727,32875,454,32768,32830,453,4,라스타바드 성 : 야수 조 교실 => 마수 군왕의 집무실
32728,32875,454,32768,32830,453,4,라스타바드 성 : 야수 조 교실 => 마수 군왕의 집무실
32729,32875,454,32768,32830,453,4,라스타바드 성 : 야수 조 교실 => 마수 군왕의 집무실
32730,32875,454,32768,32830,453,4,라스타바드 성 : 야수 조 교실 => 마수 군왕의 집무실
32813,32821,454,32724,32853,455,2,라스타바드 성 : 야수 조 교실 => 야수 훈련실
32813,32822,454,32724,32853,455,2,라스타바드 성 : 야수 조 교실 => 야수 훈련실
32813,32823,454,32724,32853,455,2,라스타바드 성 : 야수 조 교실 => 야수 훈련실
32813,32824,454,32724,32853,455,2,라스타바드 성 : 야수 조 교실 => 야수 훈련실
32724,32851,455,32813,32823,454,6,라스타바드 성 : 야수 훈련실 => 야수 조 교실
32724,32852,455,32813,32823,454,6,라스타바드 성 : 야수 훈련실 => 야수 조 교실
32724,32853,455,32813,32823,454,6,라스타바드 성 : 야수 훈련실 => 야수 조 교실
32724,32854,455,32813,32823,454,6,라스타바드 성 : 야수 훈련실 => 야수 조 교실
32809,32872,455,32665,32852,457,4,라스타바드 성 : 야수 훈련실 => 1F 어둠의 결계
32810,32872,455,32665,32852,457,4,라스타바드 성 : 야수 훈련실 => 1F 어둠의 결계
32752,32869,456,32793,32853,453,6,라스타바드 성 : 마수 소환 실 => 마수 군왕의 집무실
32752,32870,456,32793,32853,453,6,라스타바드 성 : 마수 소환 실 => 마수 군왕의 집무실
32752,32871,456,32793,32853,453,6,라스타바드 성 : 마수 소환 실 => 마수 군왕의 집무실
32752,32872,456,32793,32853,453,6,라스타바드 성 : 마수 소환 실 => 마수 군왕의 집무실
32808,32793,456,32665,32852,457,4,라스타바드 성 : 마수 소환 실 => 1F 어둠의 결계
32808,32794,456,32665,32852,457,4,라스타바드 성 : 마수 소환 실 => 1F 어둠의 결계
32680,32863,457,32792,32866,460,2,라스타바드 성 : 1F 어둠의 결계 => 흑 마법 훈련장
32681,32863,457,32792,32866,460,2,라스타바드 성 : 1F 어둠의 결계 => 흑 마법 훈련장
32685,32868,457,32725,32818,464,2,라스타바드 성 : 1F 어둠의 결계 => 정령 소환 실
32685,32869,457,32725,32818,464,2,라스타바드 성 : 1F 어둠의 결계 => 정령 소환 실
32814,32818,460,32659,32862,461,2,라스타바드 성 : 흑 마법 훈련장 => 흑 마법 연구실
32814,32819,460,32659,32862,461,2,라스타바드 성 : 흑 마법 훈련장 => 흑 마법 연구실
32814,32820,460,32659,32862,461,2,라스타바드 성 : 흑 마법 훈련장 => 흑 마법 연구실
32814,32821,460,32659,32862,461,2,라스타바드 성 : 흑 마법 훈련장 => 흑 마법 연구실
32659,32861,461,32814,32819,460,6,라스타바드 성 : 흑 마법 연구실 => 흑 마법 훈련장
32659,32862,461,32814,32819,460,6,라스타바드 성 : 흑 마법 연구실 => 흑 마법 훈련장
32659,32863,461,32814,32819,460,6,라스타바드 성 : 흑 마법 연구실 => 흑 마법 훈련장
32659,32864,461,32814,32819,460,6,라스타바드 성 : 흑 마법 연구실 => 흑 마법 훈련장
32695,32796,461,32683,32832,462,2,라스타바드 성 : 흑 마법 연구실 => 마령 군왕의 집무실
32695,32797,461,32683,32833,462,2,라스타바드 성 : 흑 마법 연구실 => 마령 군왕의 집무실
32695,32798,461,32683,32834,462,2,라스타바드 성 : 흑 마법 연구실 => 마령 군왕의 집무실
32695,32799,461,32683,32835,462,2,라스타바드 성 : 흑 마법 연구실 => 마령 군왕의 집무실
32683,32832,462,32695,32797,461,6,라스타바드 성 : 마령 군왕의 집무실 => 흑 마법 연구실
32683,32833,462,32695,32797,461,6,라스타바드 성 : 마령 군왕의 집무실 => 흑 마법 연구실
32683,32834,462,32695,32797,461,6,라스타바드 성 : 마령 군왕의 집무실 => 흑 마법 연구실
32683,32835,462,32695,32797,461,6,라스타바드 성 : 마령 군왕의 집무실 => 흑 마법 연구실
32813,32864,462,32727,32821,463,2,라스타바드 성 : 마령 군왕의 집무실 => 마령 군왕의 서재
32813,32865,462,32727,32821,463,2,라스타바드 성 : 마령 군왕의 집무실 => 마령 군왕의 서재
32813,32866,462,32727,32821,463,2,라스타바드 성 : 마령 군왕의 집무실 => 마령 군왕의 서재
32813,32867,462,32727,32821,463,2,라스타바드 성 : 마령 군왕의 집무실 => 마령 군왕의 서재
32727,32820,463,32813,32865,462,6,라스타바드 성 : 마령 군왕의 서재 => 마령 군왕의 집무실
32727,32821,463,32813,32865,462,6,라스타바드 성 : 마령 군왕의 서재 => 마령 군왕의 집무실
32727,32822,463,32813,32865,462,6,라스타바드 성 : 마령 군왕의 서재 => 마령 군왕의 집무실
32727,32823,463,32813,32865,462,6,라스타바드 성 : 마령 군왕의 서재 => 마령 군왕의 집무실
32809,32816,463,32663,32849,467,4,라스타바드 성 : 마령 군왕의 서재 => 2F 어둠의 결계
32806,32828,464,32723,32817,465,2,라스타바드 성 : 정령 소환 실 => 정령 서식지
32806,32829,464,32723,32818,465,2,라스타바드 성 : 정령 소환 실 => 정령 서식지
32806,32830,464,32723,32819,465,2,라스타바드 성 : 정령 소환 실 => 정령 서식지
32806,32831,464,32723,32820,465,2,라스타바드 성 : 정령 소환 실 => 정령 서식지
32723,32817,465,32806,32829,464,6,라스타바드 성 : 정령 서식지 => 정령 소환 실
32723,32818,465,32806,32829,464,6,라스타바드 성 : 정령 서식지 => 정령 소환 실
32723,32819,465,32806,32829,464,6,라스타바드 성 : 정령 서식지 => 정령 소환 실
32723,32820,465,32806,32829,464,6,라스타바드 성 : 정령 서식지 => 정령 소환 실
32811,32807,465,32723,32847,466,2,라스타바드 성 : 정령 서식지 => 어둠의 정령 연구실
32811,32808,465,32723,32847,466,2,라스타바드 성 : 정령 서식지 => 어둠의 정령 연구실
32811,32809,465,32723,32847,466,2,라스타바드 성 : 정령 서식지 => 어둠의 정령 연구실
32811,32810,465,32723,32847,466,2,라스타바드 성 : 정령 서식지 => 어둠의 정령 연구실
32723,32846,466,32811,32808,465,6,라스타바드 성 : 어둠의 정령 연구실 => 정령 서식지
32723,32847,466,32811,32808,465,6,라스타바드 성 : 어둠의 정령 연구실 => 정령 서식지
32723,32848,466,32811,32808,465,6,라스타바드 성 : 어둠의 정령 연구실 => 정령 서식지
32723,32849,466,32811,32808,465,6,라스타바드 성 : 어둠의 정령 연구실 => 정령 서식지
32807,32843,466,32660,32870,468,4,라스타바드 성 : 어둠의 정령 연구실 => 2F 어둠의 결계
32685,32852,467,32723,32797,472,2,라스타바드 성 : 2F 어둠의 결계 => 용병 훈련장
32685,32853,467,32723,32797,472,2,라스타바드 성 : 2F 어둠의 결계 => 용병 훈련장
32683,32873,468,32723,32818,470,2,라스타바드 성 : 2F 어둠의 결계 => 악령의 제단
32683,32874,468,32723,32819,470,2,라스타바드 성 : 2F 어둠의 결계 => 악령의 제단
32815,32806,470,32780,32867,473,0,라스타바드 성 : 악령의 제단 => 명 법군의 훈련장
32816,32806,470,32781,32867,473,0,라스타바드 성 : 악령의 제단 => 명 법군의 훈련장
32817,32806,470,32782,32867,473,0,라스타바드 성 : 악령의 제단 => 명 법군의 훈련장
32818,32806,470,32783,32867,473,0,라스타바드 성 : 악령의 제단 => 명 법군의 훈련장
32755,32876,471,32745,32788,477,4,라스타바드 성 : 데빌로드 제단 => 데빌로드 용병 실
32756,32876,471,32745,32788,477,4,라스타바드 성 : 데빌로드 제단 => 데빌로드 용병 실
32757,32876,471,32745,32788,477,4,라스타바드 성 : 데빌로드 제단 => 데빌로드 용병 실
32758,32876,471,32745,32788,477,4,라스타바드 성 : 데빌로드 제단 => 데빌로드 용병 실
32781,32786,471,32719,32798,536,0,라스타바드 성 : 데빌로드 제단 => 3F 어둠의 결계
32782,32786,471,32719,32798,536,0,라스타바드 성 : 데빌로드 제단 => 3F 어둠의 결계
32783,32786,471,32719,32798,536,0,라스타바드 성 : 데빌로드 제단 => 3F 어둠의 결계
32784,32786,471,32719,32798,536,0,라스타바드 성 : 데빌로드 제단 => 3F 어둠의 결계
32808,32798,472,32781,32873,477,2,라스타바드 성 : 용병 훈련장 => 데빌로드 용병 실
32808,32799,472,32781,32873,477,2,라스타바드 성 : 용병 훈련장 => 데빌로드 용병 실
32808,32800,472,32781,32873,477,2,라스타바드 성 : 용병 훈련장 => 데빌로드 용병 실
32808,32801,472,32781,32873,477,2,라스타바드 성 : 용병 훈련장 => 데빌로드 용병 실
32781,32867,473,32816,32806,470,6,라스타바드 성 : 명 법군의 훈련장 => 악령의 제단
32782,32867,473,32816,32806,470,6,라스타바드 성 : 명 법군의 훈련장 => 악령의 제단
32783,32867,473,32816,32806,470,6,라스타바드 성 : 명 법군의 훈련장 => 악령의 제단
32784,32867,473,32816,32806,470,6,라스타바드 성 : 명 법군의 훈련장 => 악령의 제단
32831,32792,473,32742,32858,478,0,라스타바드 성 : 명 법군의 훈련장 => 출입 금지 지역
32832,32792,473,32742,32858,478,0,라스타바드 성 : 명 법군의 훈련장 => 출입 금지 지역
32833,32792,473,32742,32858,478,0,라스타바드 성 : 명 법군의 훈련장 => 출입 금지 지역
32834,32792,473,32742,32858,478,0,라스타바드 성 : 명 법군의 훈련장 => 출입 금지 지역
32724,32831,474,32750,32812,478,6,라스타바드 성 : 옴 실험실 => 출입 금지 지역
32724,32832,474,32750,32812,478,6,라스타바드 성 : 옴 실험실 => 출입 금지 지역
32724,32833,474,32750,32812,478,6,라스타바드 성 : 옴 실험실 => 출입 금지 지역
32724,32834,474,32750,32812,478,6,라스타바드 성 : 옴 실험실 => 출입 금지 지역
32674,32835,475,32805,32800,476,6,라스타바드 성 : 명법 군왕의 집무실 => 중앙 통제실
32674,32836,475,32805,32800,476,6,라스타바드 성 : 명법 군왕의 집무실 => 중앙 통제실
32674,32837,475,32805,32800,476,6,라스타바드 성 : 명법 군왕의 집무실 => 중앙 통제실
32674,32838,475,32805,32800,476,6,라스타바드 성 : 명법 군왕의 집무실 => 중앙 통제실
32778,32807,475,32742,32814,536,0,라스타바드 성 : 명법 군왕의 집무실 => 3F 어둠의 결계
32779,32807,475,32742,32814,536,0,라스타바드 성 : 명법 군왕의 집무실 => 3F 어둠의 결계
32780,32807,475,32742,32814,536,0,라스타바드 성 : 명법 군왕의 집무실 => 3F 어둠의 결계
32781,32807,475,32742,32814,536,0,라스타바드 성 : 명법 군왕의 집무실 => 3F 어둠의 결계
32805,32799,476,32674,32836,475,2,라스타바드 성 : 중앙 통제실 => 명법 군왕의 집무실
32805,32800,476,32674,32836,475,2,라스타바드 성 : 중앙 통제실 => 명법 군왕의 집무실
32805,32801,476,32674,32836,475,2,라스타바드 성 : 중앙 통제실 => 명법 군왕의 집무실
32805,32802,476,32674,32836,475,2,라스타바드 성 : 중앙 통제실 => 명법 군왕의 집무실
32767,32876,476,32734,32786,478,4,라스타바드 성 : 중앙 통제실 => 출입 금지 지역
32768,32876,476,32734,32786,478,4,라스타바드 성 : 중앙 통제실 => 출입 금지 지역
32769,32876,476,32734,32786,478,4,라스타바드 성 : 중앙 통제실 => 출입 금지 지역
32770,32876,476,32734,32786,478,4,라스타바드 성 : 중앙 통제실 => 출입 금지 지역
32744,32788,477,32756,32876,471,0,라스타바드 성 : 데빌로드 용병 가능 => 데빌로드 제단
32745,32788,477,32756,32876,471,0,라스타바드 성 : 데빌로드 용병 가능 => 데빌로드 제단
32746,32788,477,32756,32876,471,0,라스타바드 성 : 데빌로드 용병 가능 => 데빌로드 제단
32747,32788,477,32756,32876,471,0,라스타바드 성 : 데빌로드 용병 가능 => 데빌로드 제단
32781,32872,477,32808,32799,472,6,라스타바드 성 : 데빌로드 용병 가능 => 용병 훈련장
32781,32873,477,32808,32799,472,6,라스타바드 성 : 데빌로드 용병 가능 => 용병 훈련장
32781,32874,477,32808,32799,472,6,라스타바드 성 : 데빌로드 용병 가능 => 용병 훈련장
32781,32875,477,32808,32799,472,6,라스타바드 성 : 데빌로드 용병 가능 => 용병 훈련장
32741,32858,478,32832,32792,473,6,라스타바드 성 : 출입 금지 구역 => 명 법군의 훈련장
32742,32858,478,32832,32792,473,6,라스타바드 성 : 출입 금지 구역 => 명 법군의 훈련장
32743,32858,478,32832,32792,473,6,라스타바드 성 : 출입 금지 구역 => 명 법군의 훈련장
32744,32858,478,32832,32792,473,6,라스타바드 성 : 출입 금지 구역 => 명 법군의 훈련장
32750,32811,478,32724,32832,474,2,라스타바드 성 : 출입 금지 구역 => 옴 실험실
32750,32812,478,32724,32832,474,2,라스타바드 성 : 출입 금지 구역 => 옴 실험실
32750,32813,478,32724,32832,474,2,라스타바드 성 : 출입 금지 구역 => 옴 실험실
32750,32814,478,32724,32832,474,2,라스타바드 성 : 출입 금지 구역 => 옴 실험실
32733,32786,478,32768,32876,476,0,라스타바드 성 : 출입 금지 구역 => 중앙 통제실
32734,32786,478,32768,32876,476,0,라스타바드 성 : 출입 금지 구역 => 중앙 통제실
32735,32786,478,32768,32876,476,0,라스타바드 성 : 출입 금지 구역 => 중앙 통제실
32736,32786,478,32768,32876,476,0,라스타바드 성 : 출입 금지 구역 => 중앙 통제실
32656,32863,480,32732,32921,440,6,바다 족 섬 후반부 (위) => 바다 족 섬 (위)
32656,32864,480,32732,32922,440,6,바다 족 섬 후반부 (위) => 바다 족 섬 (위)
32656,32865,480,32732,32923,440,6,바다 족 섬 후반부 (위) => 바다 족 섬 (위)
32657,32944,480,32724,33040,440,6,바다 족 섬 후반부 (아래) => 바다 족 섬 (아래)
32657,32945,480,32724,33041,440,6,바다 족 섬 후반부 (아래) => 바다 족 섬 (아래)
32657,32946,480,32724,33042,440,6,바다 족 섬 후반부 (아래) => 바다 족 섬 (아래)
32837,32839,480,32735,32846,481,0,바다 족 섬 후반부 => 카밀라의 방
32837,32840,480,32735,32846,481,0,바다 족 섬 후반부 => 카밀라의 방
32837,32841,480,32735,32846,481,0,바다 족 섬 후반부 => 카밀라의 방
32735,32847,481,32836,32840,480,6,카밀라의 방 => 바다 족 섬 후반부
32731,32809,490,32785,32813,492,0,라스타바드 성 : 지하 훈련장 => 암살 군왕의 집무실
32731,32810,490,32785,32813,492,0,라스타바드 성 : 지하 훈련장 => 암살 군왕의 집무실
32731,32811,490,32785,32813,492,0,라스타바드 성 : 지하 훈련장 => 암살 군왕의 집무실
32731,32812,490,32785,32813,492,0,라스타바드 성 : 지하 훈련장 => 암살 군왕의 집무실
32733,32859,491,32723,32861,495,2,라스타바드 성 : 지하 통로 => 지하 결투장
32733,32860,491,32723,32861,495,2,라스타바드 성 : 지하 통로 => 지하 결투장
32733,32861,491,32723,32861,495,2,라스타바드 성 : 지하 통로 => 지하 결투장
32733,32862,491,32723,32861,495,2,라스타바드 성 : 지하 통로 => 지하 결투장
32744,32723,493,32727,32857,490,0,라스타바드 성 : 지하 통제실 => 지하 훈련장
32745,32723,493,32727,32857,490,0,라스타바드 성 : 지하 통제실 => 지하 훈련장
32746,32723,493,32727,32857,490,0,라스타바드 성 : 지하 통제실 => 지하 훈련장
32747,32723,493,32727,32857,490,0,라스타바드 성 : 지하 통제실 => 지하 훈련장
32806,32769,493,32790,32761,494,2,라스타바드 성 : 지하 통제실 => 지하 처형장
32806,32770,493,32790,32761,494,2,라스타바드 성 : 지하 통제실 => 지하 처형장
32806,32771,493,32790,32761,494,2,라스타바드 성 : 지하 통제실 => 지하 처형장
32806,32772,493,32790,32761,494,2,라스타바드 성 : 지하 통제실 => 지하 처형장
32771,32785,495,32797,32812,493,0,라스타바드 성 : 지하 결투장 => 지하 통제실
32772,32785,495,32797,32812,493,0,라스타바드 성 : 지하 결투장 => 지하 통제실
32773,32785,495,32797,32812,493,0,라스타바드 성 : 지하 결투장 => 지하 통제실
32774,32785,495,32797,32812,493,0,라스타바드 성 : 지하 결투장 => 지하 통제실
32815,32816,495,32791,32815,496,2,라스타바드 성 : 지하 결투장 => 지하 감옥
32815,32817,495,32791,32815,496,2,라스타바드 성 : 지하 결투장 => 지하 감옥
32815,32818,495,32791,32815,496,2,라스타바드 성 : 지하 결투장 => 지하 감옥
32815,32819,495,32791,32815,496,2,라스타바드 성 : 지하 결투장 => 지하 감옥
32748,32955,521,32657,32896,522,2,그림자 신전 외부 => 그림자 신전 1F
32748,32956,521,32657,32896,522,2,그림자 신전 외부 => 그림자 신전 1F
32748,32957,521,32657,32896,522,2,그림자 신전 외부 => 그림자 신전 1F
32877,32816,530,32727,32744,531,2,라스타바드 성 : 대법관 케이의 방 => 대법관 비아 타스 방
32877,32817,530,32727,32744,531,2,라스타바드 성 : 대법관 케이의 방 => 대법관 비아 타스 방
32877,32818,530,32727,32744,531,2,라스타바드 성 : 대법관 케이의 방 => 대법관 비아 타스 방
32877,32819,530,32727,32744,531,2,라스타바드 성 : 대법관 케이의 방 => 대법관 비아 타스 방
32727,32743,531,32877,32817,530,6,라스타바드 성 : 대법관 비아 타스 방 => 대법관 케이의 방
32727,32744,531,32877,32817,530,6,라스타바드 성 : 대법관 비아 타스 방 => 대법관 케이의 방
32727,32745,531,32877,32817,530,6,라스타바드 성 : 대법관 비아 타스 방 => 대법관 케이의 방
32727,32746,531,32877,32817,530,6,라스타바드 성 : 대법관 비아 타스 방 => 대법관 케이의 방
32851,32871,531,32843,32792,532,2,라스타바드 성 : 대법관 엔디 아스 방 => 정원 광장
32851,32872,531,32843,32792,532,2,라스타바드 성 : 대법관 엔디 아스 방 => 정원 광장
32851,32873,531,32843,32792,532,2,라스타바드 성 : 대법관 엔디 아스 방 => 정원 광장
32851,32874,531,32843,32792,532,2,라스타바드 성 : 대법관 엔디 아스 방 => 정원 광장
32843,32791,532,32851,32872,531,6,라스타바드 성 : 정원 광장 => 대법관 엔디 아스 방
32843,32792,532,32851,32872,531,6,라스타바드 성 : 정원 광장 => 대법관 엔디 아스 방
32843,32793,532,32851,32872,531,6,라스타바드 성 : 정원 광장 => 대법관 엔디 아스 방
32843,32794,532,32851,32872,531,6,라스타바드 성 : 정원 광장 => 대법관 엔디 아스 방
32775,32791,532,32868,32943,533,0,라스타바드 성 : 대법관 이데아의 방 => 대법관 티아 메스 방
32776,32791,532,32868,32943,533,0,라스타바드 성 : 대법관 이데아의 방 => 대법관 티아 메스 방
32777,32791,532,32868,32943,533,0,라스타바드 성 : 대법관 이데아의 방 => 대법관 티아 메스 방
32778,32791,532,32868,32943,533,0,라스타바드 성 : 대법관 이데아의 방 => 대법관 티아 메스 방
32867,32943,533,32776,32791,532,6,라스타바드 성 : 대법관 티아 메스 방 => 대법관 이데아의 방
32868,32943,533,32776,32791,532,6,라스타바드 성 : 대법관 티아 메스 방 => 대법관 이데아의 방
32869,32943,533,32776,32791,532,6,라스타바드 성 : 대법관 티아 메스 방 => 대법관 이데아의 방
32870,32943,533,32776,32791,532,6,라스타바드 성 : 대법관 티아 메스 방 => 대법관 이데아의 방
32725,32797,533,32732,32876,534,0,라스타바드 성 : 대법관 바로 드의 방 => 장로 회의장
32726,32797,533,32732,32876,534,0,라스타바드 성 : 대법관 바로 드의 방 => 장로 회의장
32727,32797,533,32732,32876,534,0,라스타바드 성 : 대법관 바로 드의 방 => 장로 회의장
32728,32797,533,32732,32876,534,0,라스타바드 성 : 대법관 바로 드의 방 => 장로 회의장
32731,32876,534,32726,32797,533,6,라스타바드 성 : 장로 회의장 => 대법관 바로 드의 방
32732,32876,534,32726,32797,533,6,라스타바드 성 : 장로 회의장 => 대법관 바로 드의 방
32733,32876,534,32726,32797,533,6,라스타바드 성 : 장로 회의장 => 대법관 바로 드의 방
32734,32876,534,32726,32797,533,6,라스타바드 성 : 장로 회의장 => 대법관 바로 드의 방
32746,32785,536,32740,32879,530,0,라스타바드 성 : 3F 어둠의 결계 => 그랑카인 신전
32747,32785,536,32741,32879,530,0,라스타바드 성 : 3F 어둠의 결계 => 그랑카인 신전
32748,32789,541,32779,32801,48,0,개미 던전 계란 방 A => B2-1
32748,32790,541,32779,32801,48,0,개미 던전 계란 방 A => B2-1
32748,32791,541,32779,32801,48,0,개미 던전 계란 방 A => B2-1
32721,32821,541,32725,32744,51,0,개미 던전 계란 방 A => B3
32722,32821,541,32725,32744,51,0,개미 던전 계란 방 A => B3
32748,32789,542,32780,32778,49,0,개미 던전 계란 방 B => B2-2
32748,32790,542,32780,32778,49,0,개미 던전 계란 방 B => B2-2
32748,32791,542,32780,32778,49,0,개미 던전 계란 방 B => B2-2
32721,32823,542,32793,32847,51,0,개미 던전 계란 방 B => B3
32722,32823,542,32793,32847,51,0,개미 던전 계란 방 B => B3
32874,32749,543,32680,32849,51,0,개미 던전 B4 => B3
32874,32750,543,32680,32849,51,0,개미 던전 B4 => B3
32874,32751,543,32680,32849,51,0,개미 던전 B4 => B3
32829,33096,550,32463,33057,440,6,선박의 무덤 : 지상 층 마법진 => 바다 족 섬 전반부
32829,33097,550,32463,33057,440,6,선박의 무덤 : 지상 층 마법진 => 바다 족 섬 전반부
32422,32831,550,32727,32825,551,6,선박의 무덤 : 지상 층 D => 선박의 무덤 : 선내 D1F
32457,33054,550,32672,32873,551,6,선박의 무덤 : 지상 층 F => 선박의 무덤 : 선내 F1F
32607,32727,550,32675,32840,551,6,선박의 무덤 : 지상 층 C => 선박의 무덤 : 선내 C1F
32687,32776,550,32730,32791,551,6,선박의 무덤 : 지상 층 B => 선박의 무덤 : 선내 B1F
32783,32780,550,32680,32802,551,6,선박의 무덤 : 지상 층 A => 선박의 무덤 : 선내 A1F
32795,33061,550,32729,32870,551,6,선박의 무덤 : 지상 층 H => 선박의 무덤 : 선내 H1F
32533,32902,550,32736,32808,552,6,선박의 무덤 : 지상 층 E => 선박의 무덤 : 선내 E1F
32617,33002,550,32736,32858,552,6,선박의 무덤 : 지상 층 G => 선박의 무덤 : 선내 G1F
32483,32874,550,32723,32855,553,4,선박의 무덤 : 지상 층 L => 선박의 무덤 : 소형 선내 L1F
32543,32763,550,32741,32816,553,6,선박의 무덤 : 지상 층 I => 선박의 무덤 : 소형 선내 I1F
32582,32739,550,32783,32803,553,4,선박의 무덤 : 지상 층 J => 선박의 무덤 : 소형 선내 J1F
32622,32842,550,32751,32871,553,4,선박의 무덤 : 지상 층 N => 선박의 무덤 : 소형 선내 N1F
32636,32737,550,32722,32790,553,6,선박의 무덤 : 지상 층 K => 선박의 무덤 : 소형 선내 K1F
32653,33085,550,32794,32876,553,6,선박의 무덤 : 지상 층 P => 선박의 무덤 : 소형 선내 P1F
32709,32854,550,32782,32845,553,6,선박의 무덤 : 지상 층 O => 선박의 무덤 : 소형 선내 O1F
32821,32881,550,32811,32817,553,4,선박의 무덤 : 지상 층 M => 선박의 무덤 : 소형 선내 M1F
32672,32873,551,32458,33054,550,2,선박의 무덤 : 선내 F1F => 선박의 무덤 : 지상 층 F
32675,32840,551,32608,32727,550,2,선박의 무덤 : 선내 C1F => 선박의 무덤 : 지상 층 C
32680,32802,551,32784,32779,550,2,선박의 무덤 : 선내 A1F => 선박의 무덤 : 지상 층 A
32727,32825,551,32424,32830,550,2,선박의 무덤 : 선내 D1F => 선박의 무덤 : 지상 층 D
32730,32791,551,32689,32775,550,2,선박의 무덤 : 선내 B1F => 선박의 무덤 : 지상 층 B
32729,32870,551,32796,33061,550,2,선박의 무덤 : 선내 H1F => 선박의 무덤 : 지상 층 H
32665,32872,551,32731,32874,554,6,선박의 무덤 : 선내 F1F => 선박의 무덤 : 선내 F2F
32668,32839,551,32736,32840,554,6,선박의 무덤 : 선내 C1F => 선박의 무덤 : 선내 C2F
32673,32801,551,32737,32805,554,6,선박의 무덤 : 선내 A1F => 선박의 무덤 : 선내 A2F
32720,32824,551,32782,32821,554,6,선박의 무덤 : 선내 D1F => 선박의 무덤 : 선내 D2F
32723,32790,551,32788,32788,554,6,선박의 무덤 : 선내 B1F => 선박의 무덤 : 선내 B2F
32722,32869,551,32784,32855,554,6,선박의 무덤 : 선내 H1F => 선박의 무덤 : 선내 H2F
32736,32808,552,32534,32902,550,2,선박의 무덤 : 선내 E1F => 선박의 무덤 : 지상 층 E
32736,32858,552,32618,33002,550,1,선박의 무덤 : 선내 G1F => 선박의 무덤 : 지상 층 G
32729,32807,552,32728,32805,555,6,선박의 무덤 : 선내 E1F => 선박의 무덤 : 선내 E2F
32729,32857,552,32729,32856,555,6,선박의 무덤 : 선내 G1F => 선박의 무덤 : 선내 G2F
32722,32790,553,32634,32738,550,6,선박의 무덤 : 소형 선내 K1F => 선박의 무덤 : 지상 층 K
32723,32855,553,32483,32875,550,4,선박의 무덤 : 소형 선내 L1F => 선박의 무덤 : 지상 층 L
32741,32816,553,32542,32764,550,6,선박의 무덤 : 소형 선내 I1F => 선박의 무덤 : 지상 층 I
32751,32871,553,32622,32843,550,4,선박의 무덤 : 소형 선내 N1F => 선박의 무덤 : 지상 층 N
32783,32803,553,32582,32740,550,4,선박의 무덤 : 소형 선내 J1F => 선박의 무덤 : 지상 층 J
32782,32845,553,32708,32854,550,6,선박의 무덤 : 소형 선내 O1F => 선박의 무덤 : 지상 층 O
32794,32876,553,32653,33086,550,4,선박의 무덤 : 소형 선내 P1F => 선박의 무덤 : 지상 층 P
32811,32817,553,32820,32882,550,6,선박의 무덤 : 소형 선내 M1F => 선박의 무덤 : 지상 층 M
32724,32839,553,32754,32862,556,4,선박의 무덤 : 소형 선내 L1F => 선박의 무덤 : 소형 선내 L2F
32739,32790,553,32737,32791,556,6,선박의 무덤 : 소형 선내 K1F => 선박의 무덤 : 소형 선내 K2F
32752,32864,553,32731,32852,556,4,선박의 무덤 : 소형 선내 N1F => 선박의 무덤 : 소형 선내 N2F
32757,32815,553,32753,32818,556,6,선박의 무덤 : 소형 선내 I1F => 선박의 무덤 : 소형 선내 I2F
32784,32787,553,32783,32793,556,4,선박의 무덤 : 소형 선내 J1F => 선박의 무덤 : 소형 선내 J2F
32798,32844,553,32806,32872,556,6,선박의 무덤 : 소형 선내 O1F => 선박의 무덤 : 소형 선내 O2F
32803,32875,553,32783,32847,556,6,선박의 무덤 : 소형 선내 P1F => 선박의 무덤 : 소형 선내 P2F
32812,32801,553,32807,32812,556,4,선박의 무덤 : 소형 선내 M1F => 선박의 무덤 : 소형 선내 M2F
32731,32874,554,32666,32872,551,2,선박의 무덤 : 선내 F2F => 선박의 무덤 : 선내 F1F
32736,32840,554,32668,32839,551,2,선박의 무덤 : 선내 C2F => 선박의 무덤 : 선내 C1F
32737,32805,554,32674,32801,551,2,선박의 무덤 : 선내 A2F => 선박의 무덤 : 선내 A1F
32782,32821,554,32721,32824,551,2,선박의 무덤 : 선내 D2F => 선박의 무덤 : 선내 D1F
32785,32854,554,32723,32869,551,2,선박의 무덤 : 선내 H2F => 선박의 무덤 : 선내 H1F
32788,32788,554,32723,32790,551,2,선박의 무덤 : 선내 B2F => 선박의 무덤 : 선내 B1F
32747,32873,554,32736,32873,557,6,선박의 무덤 : 선내 F2F => 선박의 무덤 : 선내 F3F
32752,32839,554,32759,32845,557,6,선박의 무덤 : 선내 C2F => 선박의 무덤 : 선내 C3F
32753,32804,554,32757,32794,557,6,선박의 무덤 : 선내 A2F => 선박의 무덤 : 선내 A3F
32798,32820,554,32807,32843,557,6,선박의 무덤 : 선내 D2F => 선박의 무덤 : 선내 D3F
32800,32854,554,32785,32873,557,6,선박의 무덤 : 선내 H2F => 선박의 무덤 : 선내 H3F
32804,32787,554,32808,32791,557,6,선박의 무덤 : 선내 B2F => 선박의 무덤 : 선내 B3F
32729,32804,555,32730,32807,552,2,선박의 무덤 : 선내 E2F => 선박의 무덤 : 선내 E1F
32730,32855,555,32730,32857,552,2,선박의 무덤 : 선내 G2F => 선박의 무덤 : 선내 G1F
32735,32804,555,32727,32824,557,6,선박의 무덤 : 선내 E2F => 선박의 무덤 : 선내 E3F
32738,32855,555,32782,32820,557,6,선박의 무덤 : 선내 G2F => 선박의 무덤 : 선내 G3F
32732,32851,556,32752,32863,553,0,선박의 무덤 : 소형 선내 N2F => 선박의 무덤 : 소형 선내 N1F
32738,32790,556,32738,32789,553,2,선박의 무덤 : 소형 선내 K2F => 선박의 무덤 : 소형 선내 K1F
32754,32817,556,32758,32815,553,2,선박의 무덤 : 소형 선내 I2F => 선박의 무덤 : 소형 선내 I1F
32755,32861,556,32724,32839,553,0,선박의 무덤 : 소형 선내 L2F => 선박의 무덤 : 소형 선내 L1F
32784,32792,556,32784,32787,553,0,선박의 무덤 : 소형 선내 J2F => 선박의 무덤 : 소형 선내 J1F
32784,32846,556,32803,32875,553,2,선박의 무덤 : 소형 선내 P2F => 선박의 무덤 : 소형 선내 P1F
32807,32871,556,32799,32844,553,2,선박의 무덤 : 소형 선내 O2F => 선박의 무덤 : 소형 선내 O1F
32808,32811,556,32812,32801,553,0,선박의 무덤 : 소형 선내 M2F => 선박의 무덤 : 소형 선내 M1F
32737,32872,557,32747,32873,554,2,선박의 무덤 : 선내 F3F => 선박의 무덤 : 선내 F2F
32758,32793,557,32754,32804,554,2,선박의 무덤 : 선내 A3F => 선박의 무덤 : 선내 A2F
32760,32844,557,32753,32839,554,2,선박의 무덤 : 선내 C3F => 선박의 무덤 : 선내 C2F
32786,32872,557,32801,32854,554,2,선박의 무덤 : 선내 H3F => 선박의 무덤 : 선내 H2F
32808,32842,557,32799,32820,554,2,선박의 무덤 : 선내 D3F => 선박의 무덤 : 선내 D2F
32809,32790,557,32804,32787,554,2,선박의 무덤 : 선내 B3F => 선박의 무덤 : 선내 B2F
32728,32823,557,32736,32804,555,2,선박의 무덤 : 선내 E3F => 선박의 무덤 : 선내 E2F
32783,32819,557,32739,32855,555,2,선박의 무덤 : 선내 G3F => 선박의 무덤 : 선내 G2F
32729,32829,557,32865,33046,558,4,선박의 무덤 : 선내 E3F => 선박의 무덤 : 심해 층 E
32729,32877,557,32816,33182,558,4,선박의 무덤 : 선내 F3F => 선박의 무덤 : 심해 층 F
32750,32798,557,32781,32800,558,4,선박의 무덤 : 선내 A3F => 선박의 무덤 : 심해 층 A
32752,32849,557,33027,32954,558,4,선박의 무덤 : 선내 C3F => 선박의 무덤 : 심해 층 C
32778,32877,557,33120,33203,558,4,선박의 무덤 : 선내 H3F => 선박의 무덤 : 심해 층 H
32781,32825,557,32958,33185,558,4,선박의 무덤 : 선내 G3F => 선박의 무덤 : 심해 층 G
32800,32847,557,33172,32978,558,4,선박의 무덤 : 선내 D3F => 선박의 무덤 : 심해 층 D
32801,32795,557,32943,32805,558,4,선박의 무덤 : 선내 B3F => 선박의 무덤 : 심해 층 B
32781,32798,558,32749,32797,557,0,선박의 무덤 : 심해 층 A (왼쪽) => 선박의 무덤 : 선내 A3F
32782,32798,558,32751,32797,557,0,선박의 무덤 : 심해 층 A (오른쪽) => 선박의 무덤 : 선내 A3F
32816,33180,558,32728,32876,557,0,선박의 무덤 : 심해 층 F (왼쪽) => 선박의 무덤 : 선내 F3F
32817,33180,558,32730,32876,557,0,선박의 무덤 : 심해 층 F (오른쪽) => 선박의 무덤 : 선내 F3F
32865,33044,558,32729,32828,557,0,선박의 무덤 : 심해 층 E (왼쪽) => 선박의 무덤 : 선내 E3F
32866,33044,558,32730,32828,557,0,선박의 무덤 : 심해 층 E (오른쪽) => 선박의 무덤 : 선내 E3F
32943,32803,558,32801,32794,557,0,선박의 무덤 : 심해 층 B (왼쪽) => 선박의 무덤 : 선내 B3F
32944,32803,558,32802,32794,557,0,선박의 무덤 : 심해 층 B (오른쪽) => 선박의 무덤 : 선내 B3F
32958,33183,558,32780,32824,557,0,선박의 무덤 : 심해 층 G (왼쪽) => 선박의 무덤 : 선내 G3F
32959,33183,558,32782,32824,557,0,선박의 무덤 : 심해 층 G (오른쪽) => 선박의 무덤 : 선내 G3F
33027,32952,558,32752,32848,557,0,선박의 무덤 : 심해 층 C (왼쪽) => 선박의 무덤 : 선내 C3F
33028,32952,558,32753,32848,557,0,선박의 무덤 : 심해 층 C (오른쪽) => 선박의 무덤 : 선내 C3F
33120,33202,558,32777,32876,557,0,선박의 무덤 : 심해 층 H (왼쪽) => 선박의 무덤 : 선내 H3F
33121,33202,558,32779,32876,557,0,선박의 무덤 : 심해 층 H (오른쪽) => 선박의 무덤 : 선내 H3F
33172,32976,558,32800,32846,557,0,선박의 무덤 : 심해 층 D (왼쪽) => 선박의 무덤 : 선내 D3F
33173,32976,558,32801,32846,557,0,선박의 무덤 : 심해 층 D (오른쪽) => 선박의 무덤 : 선내 D3F
32814,32796,600,32724,32830,601,2,욕망의 동굴 외주부 => 욕망의 동굴 로비
32814,32797,600,32724,32831,601,2,욕망의 동굴 외주부 => 욕망의 동굴 로비
32814,32798,600,32724,32832,601,2,욕망의 동굴 외주부 => 욕망의 동굴 로비
32722,32830,601,32812,32796,600,6,욕망의 동굴 로비 => 욕망의 동굴 외주부
32722,32831,601,32812,32797,600,6,욕망의 동굴 로비 => 욕망의 동굴 외주부
32722,32832,601,32812,32798,600,6,욕망의 동굴 로비 => 욕망의 동굴 외주부
32771,32933,778,32937,32798,779,6,버림받은 자들의 땅 (지상) => (바다)
32771,32934,778,32937,32799,779,6,버림받은 자들의 땅 (지상) => (바다)
32917,32794,778,32891,32727,779,4,버림받은 자들의 땅 (지상) => (바다)
32918,32794,778,32892,32727,779,4,버림받은 자들의 땅 (지상) => (바다)
32891,32725,779,32918,32792,778,0,버림받은 자들의 땅 (바다) => (지상)
32892,32725,779,32917,32792,778,0,버림받은 자들의 땅 (바다) => (지상)
32939,32798,779,32769,32933,778,2,버림받은 자들의 땅 (바다) => (지상)
32939,32799,779,32769,32934,778,2,버림받은 자들의 땅 (바다) => (지상)
32810,32890,780,32742,32800,781,4,테베 사막 => 피라미드 내부
32810,32891,780,32742,32800,781,4,테베 사막 => 피라미드 내부
32742,32800,781,32810,32890,780,6,피라미드 내부> 테베 사막
32786,32861,1000,34090,32168,4,10,실베리아 왼쪽 => 아덴
32786,32862,1000,34091,32167,4,10,실베리아 왼쪽 => 아덴
32787,32862,1000,34090,32165,4,10,실베리아 왼쪽 => 아덴
32802,32877,1000,34094,32170,4,10,실베리아 아래 => 아덴
32802,32878,1000,34093,32169,4,10,실베리아 아래 => 아덴
32803,32878,1000,34093,32167,4,10,실베리아 아래 => 아덴
32779,32857,1001,33639,32400,4,10,베히모스 왼쪽 => 아덴
32780,32858,1001,33641,32402,4,10,베히모스 왼쪽 => 아덴
32810,32887,1001,33640,32400,4,10,베히모스 아래 => 아덴
32811,32888,1001,33641,32401,4,10,베히모스 아래 => 아덴
32624,32725,1005,32671,32668,1005,3,안타라스 동굴 입구 (직결 형) => 안타라스 레어 전
32671,32667,1005,32624,32725,1005,5,안타라스 레어 전 => 안타라스 동굴 입구 (직결 형)
32938,32610,1005,32678,32745,1005,5,안타라스 동굴 A => 안타라스 동굴 입구 (단계 형)
32681,32802,1005,32678,32745,1005,5,안타라스 동굴 B => 안타라스 동굴 입구 (단계 형)
32809,32802,1005,32678,32745,1005,5,안타라스 동굴 C => 안타라스 동굴 입구 (단계 형)
32937,32802,1005,32678,32745,1005,5,안타라스 동굴 D => 안타라스 동굴 입구 (단계 형)
32938,32732,1005,32658,32678,1005,1,안타라스 동굴 A => 안타라스 레어 전
32682,32924,1005,32658,32678,1005,1,안타라스 동굴 B => 안타라스 레어 전
32810,32924,1005,32658,32678,1005,1,안타라스 동굴 C => 안타라스 레어 전
32938,32924,1005,32658,32678,1005,1,안타라스 동굴 D => 안타라스 레어 전
32702,32670,1005,32795,32663,1005,1,안타라스 레어 전 => 안타라스 레어
32624,32725,1006,32671,32668,1006,3,안타라스 동굴 입구 (직결 형) => 안타라스 레어 전
32671,32667,1006,32624,32725,1006,5,안타라스 레어 전 => 안타라스 동굴 입구 (직결 형)
32938,32610,1006,32678,32745,1006,5,안타라스 동굴 A => 안타라스 동굴 입구 (단계 형)
32681,32802,1006,32678,32745,1006,5,안타라스 동굴 B => 안타라스 동굴 입구 (단계 형)
32809,32802,1006,32678,32745,1006,5,안타라스 동굴 C => 안타라스 동굴 입구 (단계 형)
32937,32802,1006,32678,32745,1006,5,안타라스 동굴 D => 안타라스 동굴 입구 (단계 형)
32938,32732,1006,32658,32678,1006,1,안타라스 동굴 A => 안타라스 레어 전
32682,32924,1006,32658,32678,1006,1,안타라스 동굴 B => 안타라스 레어 전
32810,32924,1006,32658,32678,1006,1,안타라스 동굴 C => 안타라스 레어 전
32938,32924,1006,32658,32678,1006,1,안타라스 동굴 D => 안타라스 레어 전
32702,32670,1006,32795,32663,1006,1,안타라스 레어 전 => 안타라스 레어
32624,32725,1007,32671,32668,1007,3,안타라스 동굴 입구 (직결 형) => 안타라스 레어 전
32671,32667,1007,32624,32725,1007,5,안타라스 레어 전 => 안타라스 동굴 입구 (직결 형)
32938,32610,1007,32678,32745,1007,5,안타라스 동굴 A => 안타라스 동굴 입구 (단계 형)
32681,32802,1007,32678,32745,1007,5,안타라스 동굴 B => 안타라스 동굴 입구 (단계 형)
32809,32802,1007,32678,32745,1007,5,안타라스 동굴 C => 안타라스 동굴 입구 (단계 형)
32937,32802,1007,32678,32745,1007,5,안타라스 동굴 D => 안타라스 동굴 입구 (단계 형)
32938,32732,1007,32658,32678,1007,1,안타라스 동굴 A => 안타라스 레어 전
32682,32924,1007,32658,32678,1007,1,안타라스 동굴 B => 안타라스 레어 전
32810,32924,1007,32658,32678,1007,1,안타라스 동굴 C => 안타라스 레어 전
32938,32924,1007,32658,32678,1007,1,안타라스 동굴 D => 안타라스 레어 전
32702,32670,1007,32795,32663,1007,1,안타라스 레어 전 => 안타라스 레어
32624,32725,1008,32671,32668,1008,3,안타라스 동굴 입구 (직결 형) => 안타라스 레어 전
32671,32667,1008,32624,32725,1008,5,안타라스 레어 전 => 안타라스 동굴 입구 (직결 형)
32938,32610,1008,32678,32745,1008,5,안타라스 동굴 A => 안타라스 동굴 입구 (단계 형)
32681,32802,1008,32678,32745,1008,5,안타라스 동굴 B => 안타라스 동굴 입구 (단계 형)
32809,32802,1008,32678,32745,1008,5,안타라스 동굴 C => 안타라스 동굴 입구 (단계 형)
32937,32802,1008,32678,32745,1008,5,안타라스 동굴 D => 안타라스 동굴 입구 (단계 형)
32938,32732,1008,32658,32678,1008,1,안타라스 동굴 A => 안타라스 레어 전
32682,32924,1008,32658,32678,1008,1,안타라스 동굴 B => 안타라스 레어 전
32810,32924,1008,32658,32678,1008,1,안타라스 동굴 C => 안타라스 레어 전
32938,32924,1008,32658,32678,1008,1,안타라스 동굴 D => 안타라스 레어 전
32702,32670,1008,32795,32663,1008,1,안타라스 레어 전 => 안타라스 레어
32624,32725,1009,32671,32668,1009,3,안타라스 동굴 입구 (직결 형) => 안타라스 레어 전
32671,32667,1009,32624,32725,1009,5,안타라스 레어 전 => 안타라스 동굴 입구 (직결 형)
32938,32610,1009,32678,32745,1009,5,안타라스 동굴 A => 안타라스 동굴 입구 (단계 형)
32681,32802,1009,32678,32745,1009,5,안타라스 동굴 B => 안타라스 동굴 입구 (단계 형)
32809,32802,1009,32678,32745,1009,5,안타라스 동굴 C => 안타라스 동굴 입구 (단계 형)
32937,32802,1009,32678,32745,1009,5,안타라스 동굴 D => 안타라스 동굴 입구 (단계 형)
32938,32732,1009,32658,32678,1009,1,안타라스 동굴 A => 안타라스 레어 전
32682,32924,1009,32658,32678,1009,1,안타라스 동굴 B => 안타라스 레어 전
32810,32924,1009,32658,32678,1009,1,안타라스 동굴 C => 안타라스 레어 전
32938,32924,1009,32658,32678,1009,1,안타라스 동굴 D => 안타라스 레어 전
32702,32670,1009,32795,32663,1009,1,안타라스 레어 전 => 안타라스 레어
32624,32725,1010,32671,32668,1010,3,안타라스 동굴 입구 (직결 형) => 안타라스 레어 전
32671,32667,1010,32624,32725,1010,5,안타라스 레어 전 => 안타라스 동굴 입구 (직결 형)
32938,32610,1010,32678,32745,1010,5,안타라스 동굴 A => 안타라스 동굴 입구 (단계 형)
32681,32802,1010,32678,32745,1010,5,안타라스 동굴 B => 안타라스 동굴 입구 (단계 형)
32809,32802,1010,32678,32745,1010,5,안타라스 동굴 C => 안타라스 동굴 입구 (단계 형)
32937,32802,1010,32678,32745,1010,5,안타라스 동굴 D => 안타라스 동굴 입구 (단계 형)
32938,32732,1010,32658,32678,1010,1,안타라스 동굴 A => 안타라스 레어 전
32682,32924,1010,32658,32678,1010,1,안타라스 동굴 B => 안타라스 레어 전
32810,32924,1010,32658,32678,1010,1,안타라스 동굴 C => 안타라스 레어 전
32938,32924,1010,32658,32678,1010,1,안타라스 동굴 D => 안타라스 레어 전
32702,32670,1010,32795,32663,1010,1,안타라스 레어 전 => 안타라스 레어
32921,32727,1011,32927,32659,1011,3,파 푸리 온 동굴 입구 (직결 형) => 파 푸리 온 레어 전
32927,32658,1011,32921,32728,1011,3,파 푸리 온 레어 전 => 파 푸리 온 동굴 입구 (직결 형)
32762,32595,1011,33001,32732,1011,5,파 푸리 온 동굴 A => 파 푸리 온 동굴 입구 (단계 형)
32954,32595,1011,33001,32732,1011,5,파 푸리 온 동굴 B => 파 푸리 온 동굴 입구 (단계 형)
32762,32723,1011,33001,32732,1011,5,파 푸리 온 동굴 C => 파 푸리 온 동굴 입구 (단계 형)
32762,32851,1011,33001,32732,1011,5,파 푸리 온 동굴 D => 파 푸리 온 동굴 입구 (단계 형)
32859,32532,1011,32926,32687,1011,7,파 푸리 온 동굴 A => 파 푸리 온 레어 전
33051,32532,1011,32926,32687,1011,7,파 푸리 온 동굴 B => 파 푸리 온 레어 전
32859,32660,1011,32926,32687,1011,7,파 푸리 온 동굴 C => 파 푸리 온 레어 전
32859,32788,1011,32926,32687,1011,7,파 푸리 온 동굴 D => 파 푸리 온 레어 전
32941,32672,1011,32992,32842,1011,5,파 푸리 온 레어 전 => 파 푸리 온 레어
32921,32727,1012,32927,32659,1012,3,파 푸리 온 동굴 입구 (직결 형) => 파 푸리 온 레어 전
32927,32658,1012,32921,32728,1012,3,파 푸리 온 레어 전 => 파 푸리 온 동굴 입구 (직결 형)
32762,32595,1012,33001,32732,1012,5,파 푸리 온 동굴 A => 파 푸리 온 동굴 입구 (단계 형)
32954,32595,1012,33001,32732,1012,5,파 푸리 온 동굴 B => 파 푸리 온 동굴 입구 (단계 형)
32762,32723,1012,33001,32732,1012,5,파 푸리 온 동굴 C => 파 푸리 온 동굴 입구 (단계 형)
32762,32851,1012,33001,32732,1012,5,파 푸리 온 동굴 D => 파 푸리 온 동굴 입구 (단계 형)
32859,32532,1012,32926,32687,1012,7,파 푸리 온 동굴 A => 파 푸리 온 레어 전
33051,32532,1012,32926,32687,1012,7,파 푸리 온 동굴 B => 파 푸리 온 레어 전
32859,32660,1012,32926,32687,1012,7,파 푸리 온 동굴 C => 파 푸리 온 레어 전
32859,32788,1012,32926,32687,1012,7,파 푸리 온 동굴 D => 파 푸리 온 레어 전
32941,32672,1012,32992,32842,1012,5,파 푸리 온 레어 전 => 파 푸리 온 레어
32921,32727,1013,32927,32659,1013,3,파 푸리 온 동굴 입구 (직결 형) => 파 푸리 온 레어 전
32927,32658,1013,32921,32728,1013,3,파 푸리 온 레어 전 => 파 푸리 온 동굴 입구 (직결 형)
32762,32595,1013,33001,32732,1013,5,파 푸리 온 동굴 A => 파 푸리 온 동굴 입구 (단계 형)
32954,32595,1013,33001,32732,1013,5,파 푸리 온 동굴 B => 파 푸리 온 동굴 입구 (단계 형)
32762,32723,1013,33001,32732,1013,5,파 푸리 온 동굴 C => 파 푸리 온 동굴 입구 (단계 형)
32762,32851,1013,33001,32732,1013,5,파 푸리 온 동굴 D => 파 푸리 온 동굴 입구 (단계 형)
32859,32532,1013,32926,32687,1013,7,파 푸리 온 동굴 A => 파 푸리 온 레어 전
33051,32532,1013,32926,32687,1013,7,파 푸리 온 동굴 B => 파 푸리 온 레어 전
32859,32660,1013,32926,32687,1013,7,파 푸리 온 동굴 C => 파 푸리 온 레어 전
32859,32788,1013,32926,32687,1013,7,파 푸리 온 동굴 D => 파 푸리 온 레어 전
32941,32672,1013,32992,32842,1013,5,파 푸리 온 레어 전 => 파 푸리 온 레어
32921,32727,1014,32927,32659,1014,3,파 푸리 온 동굴 입구 (직결 형) => 파 푸리 온 레어 전
32927,32658,1014,32921,32728,1014,3,파 푸리 온 레어 전 => 파 푸리 온 동굴 입구 (직결 형)
32762,32595,1014,33001,32732,1014,5,파 푸리 온 동굴 A => 파 푸리 온 동굴 입구 (단계 형)
32954,32595,1014,33001,32732,1014,5,파 푸리 온 동굴 B => 파 푸리 온 동굴 입구 (단계 형)
32762,32723,1014,33001,32732,1014,5,파 푸리 온 동굴 C => 파 푸리 온 동굴 입구 (단계 형)
32762,32851,1014,33001,32732,1014,5,파 푸리 온 동굴 D => 파 푸리 온 동굴 입구 (단계 형)
32859,32532,1014,32926,32687,1014,7,파 푸리 온 동굴 A => 파 푸리 온 레어 전
33051,32532,1014,32926,32687,1014,7,파 푸리 온 동굴 B => 파 푸리 온 레어 전
32859,32660,1014,32926,32687,1014,7,파 푸리 온 동굴 C => 파 푸리 온 레어 전
32859,32788,1014,32926,32687,1014,7,파 푸리 온 동굴 D => 파 푸리 온 레어 전
32941,32672,1014,32992,32842,1014,5,파 푸리 온 레어 전 => 파 푸리 온 레어
32921,32727,1015,32927,32659,1015,3,파 푸리 온 동굴 입구 (직결 형) => 파 푸리 온 레어 전
32927,32658,1015,32921,32728,1015,3,파 푸리 온 레어 전 => 파 푸리 온 동굴 입구 (직결 형)
32762,32595,1015,33001,32732,1015,5,파 푸리 온 동굴 A => 파 푸리 온 동굴 입구 (단계 형)
32954,32595,1015,33001,32732,1015,5,파 푸리 온 동굴 B => 파 푸리 온 동굴 입구 (단계 형)
32762,32723,1015,33001,32732,1015,5,파 푸리 온 동굴 C => 파 푸리 온 동굴 입구 (단계 형)
32762,32851,1015,33001,32732,1015,5,파 푸리 온 동굴 D => 파 푸리 온 동굴 입구 (단계 형)
32859,32532,1015,32926,32687,1015,7,파 푸리 온 동굴 A => 파 푸리 온 레어 전
33051,32532,1015,32926,32687,1015,7,파 푸리 온 동굴 B => 파 푸리 온 레어 전
32859,32660,1015,32926,32687,1015,7,파 푸리 온 동굴 C => 파 푸리 온 레어 전
32859,32788,1015,32926,32687,1015,7,파 푸리 온 동굴 D => 파 푸리 온 레어 전
32941,32672,1015,32992,32842,1015,5,파 푸리 온 레어 전 => 파 푸리 온 레어
32921,32727,1016,32927,32659,1016,3,파 푸리 온 동굴 입구 (직결 형) => 파 푸리 온 레어 전
32927,32658,1016,32921,32728,1016,3,파 푸리 온 레어 전 => 파 푸리 온 동굴 입구 (직결 형)
32762,32595,1016,33001,32732,1016,5,파 푸리 온 동굴 A => 파 푸리 온 동굴 입구 (단계 형)
32954,32595,1016,33001,32732,1016,5,파 푸리 온 동굴 B => 파 푸리 온 동굴 입구 (단계 형)
32762,32723,1016,33001,32732,1016,5,파 푸리 온 동굴 C => 파 푸리 온 동굴 입구 (단계 형)
32762,32851,1016,33001,32732,1016,5,파 푸리 온 동굴 D => 파 푸리 온 동굴 입구 (단계 형)
32859,32532,1016,32926,32687,1016,7,파 푸리 온 동굴 A => 파 푸리 온 레어 전
33051,32532,1016,32926,32687,1016,7,파 푸리 온 동굴 B => 파 푸리 온 레어 전
32859,32660,1016,32926,32687,1016,7,파 푸리 온 동굴 C => 파 푸리 온 레어 전
32859,32788,1016,32926,32687,1016,7,파 푸리 온 동굴 D => 파 푸리 온 레어 전
32941,32672,1016,32992,32842,1016,5,파 푸리 온 레어 전 => 파 푸리 온 레어
32716,32912,1020,32749,32879,1020,1,린드 비 오르 동굴 입구 => 린도비오루레아 전
32749,32879,1020,32716,32913,1020,5,린도비오루레아 전 => 린드 비 오르 동굴 입구
32621,32990,1020,32754,32923,1020,7,린드 비 오르 동굴 A => 린드 비 오르 동굴 입구 (단계 형)
32813,32990,1020,32754,32923,1020,7,린드 비 오르 동굴 B => 린드 비 오르 동굴 입구 (단계 형)
32621,33118,1020,32754,32923,1020,7,린드 비 오르 동굴 C => 린드 비 오르 동굴 입구 (단계 형)
32813,32118,1020,32754,32923,1020,7,린드 비 오르 동굴 D => 린드 비 오르 동굴 입구 (단계 형)
32754,33050,1020,32721,32873,1020,1,린드 비 오르 동굴 군터 전 A => 린도비오루레아 전
32946,33050,1020,32721,32873,1020,1,린드 비 오르 동굴 군터 전 B => 린도비오루레아 전
32754,33178,1020,32721,32873,1020,1,린드 비 오르 동굴 군터 전 C => 린도비오루레아 전
32946,33178,1020,32721,32873,1020,1,린드 비 오르 동굴 군터 전 D => 린도비오루레아 전
32607,32995,1020,32735,32847,1020,4,린드 비 오르 동굴 A => 린도비오루레아 전
32799,32995,1020,32735,32847,1020,4,린드 비 오르 동굴 B => 린도비오루레아 전
32607,33123,1020,32735,32847,1020,4,린드 비 오르 동굴 C => 린도비오루레아 전
32799,33123,1020,32735,32847,1020,4,린드 비 오르 동굴 D => 린도비오루레아 전
32748,32868,1020,32833,32896,1020,7,린도비오루레아 전 => 린도비오루레아
32716,32912,1021,32749,32879,1021,1,린드 비 오르 동굴 입구 => 린도비오루레아 전
32749,32879,1021,32716,32913,1021,5,린도비오루레아 전 => 린드 비 오르 동굴 입구
32621,32990,1021,32754,32923,1021,7,린드 비 오르 동굴 A => 린드 비 오르 동굴 입구 (단계 형)
32813,32990,1021,32754,32923,1021,7,린드 비 오르 동굴 B => 린드 비 오르 동굴 입구 (단계 형)
32621,33118,1021,32754,32923,1021,7,린드 비 오르 동굴 C => 린드 비 오르 동굴 입구 (단계 형)
32813,32118,1021,32754,32923,1021,7,린드 비 오르 동굴 D => 린드 비 오르 동굴 입구 (단계 형)
32754,33050,1021,32721,32873,1021,1,린드 비 오르 동굴 군터 전 A => 린도비오루레아 전
32946,33050,1021,32721,32873,1021,1,린드 비 오르 동굴 군터 전 B => 린도비오루레아 전
32754,33178,1021,32721,32873,1021,1,린드 비 오르 동굴 군터 전 C => 린도비오루레아 전
32946,33178,1021,32721,32873,1021,1,린드 비 오르 동굴 군터 전 D => 린도비오루레아 전
32607,32995,1021,32735,32847,1021,4,린드 비 오르 동굴 A => 린도비오루레아 전
32799,32995,1021,32735,32847,1021,4,린드 비 오르 동굴 B => 린도비오루레아 전
32607,33123,1021,32735,32847,1021,4,린드 비 오르 동굴 C => 린도비오루레아 전
32799,33123,1021,32735,32847,1021,4,린드 비 오르 동굴 D => 린도비오루레아 전
32748,32868,1021,32833,32896,1021,7,린도비오루레아 전 => 린도비오루레아
32716,32912,1022,32749,32879,1022,1,린드 비 오르 동굴 입구 => 린도비오루레아 전
32749,32879,1022,32716,32913,1022,5,린도비오루레아 전 => 린드 비 오르 동굴 입구
32621,32990,1022,32754,32923,1022,7,린드 비 오르 동굴 A => 린드 비 오르 동굴 입구 (단계 형)
32813,32990,1022,32754,32923,1022,7,린드 비 오르 동굴 B => 린드 비 오르 동굴 입구 (단계 형)
32621,33118,1022,32754,32923,1022,7,린드 비 오르 동굴 C => 린드 비 오르 동굴 입구 (단계 형)
32813,32118,1022,32754,32923,1022,7,린드 비 오르 동굴 D => 린드 비 오르 동굴 입구 (단계 형)
32754,33050,1022,32721,32873,1022,1,린드 비 오르 동굴 군터 전 A => 린도비오루레아 전
32946,33050,1022,32721,32873,1022,1,린드 비 오르 동굴 군터 전 B => 린도비오루레아 전
32754,33178,1022,32721,32873,1022,1,린드 비 오르 동굴 군터 전 C => 린도비오루레아 전
32946,33178,1022,32721,32873,1022,1,린드 비 오르 동굴 군터 전 D => 린도비오루레아 전
32607,32995,1022,32735,32847,1022,4,린드 비 오르 동굴 A => 린도비오루레아 전
32799,32995,1022,32735,32847,1022,4,린드 비 오르 동굴 B => 린도비오루레아 전
32607,33123,1022,32735,32847,1022,4,린드 비 오르 동굴 C => 린도비오루레아 전
32799,33123,1022,32735,32847,1022,4,린드 비 오르 동굴 D => 린도비오루레아 전
32748,32868,1022,32833,32896,1022,7,린도비오루레아 전 => 린도비오루레아
32735,32991,2000,32735,32800,2001,5,고대의 공간 1F => 고대의 공간 2F
32812,32872,2002,32736,32811,2003,5,고대의 공간 3F => 고대의 공간 4F
32782,32815,5068,33374,32657,4,0,기란아지토 1 : 지하실 => 1F
32782,32815,5069,33384,32655,4,0,기란아지토 2 : 지하실 => 1F
32782,32815,5070,33395,32656,4,0,기란아지토 3 : 지하실 => 1F
32782,32815,5071,33428,32659,4,0,기란아지토 4 : 지하 => 1F
32782,32815,5072,33439,32666,4,0,기란아지토 5 : 지하실 => 1F
32782,32815,5073,33457,32654,4,0,기란아지토 6 : 지하실 => 1F
32782,32815,5074,33477,32668,4,0,기란아지토 7 : 지하실 => 1F
32782,32815,5075,33471,32679,4,0,기란아지토 8 : 지하실 => 1F
32782,32815,5076,33459,32700,4,0,기란아지토 9 : 지하실 => 1F
32782,32815,5077,33424,32691,4,0,기란아지토 10 : 지하실 => 1F
32782,32815,5078,33409,32675,4,0,기란아지토 11 : 지하실 => 1F
32782,32815,5079,33420,32709,4,0,기란아지토 12 : 지하실 => 1F
32782,32815,5080,33375,32698,4,0,기란아지토 13 : 지하실 => 1F
32782,32815,5081,33363,32684,4,0,기란아지토 14 : 지하실 => 1F
32716,32912,1017,32749,32879,1017,1,린드 비 오르 동굴 입구 => 린도비오루레아 전
32749,32879,1017,32716,32913,1017,5,린도비오루레아 전 => 린드 비 오르 동굴 입구
32621,32990,1017,32754,32923,1017,7,린드 비 오르 동굴 A => 린드 비 오르 동굴 입구 (단계 형)
32813,32990,1017,32754,32923,1017,7,린드 비 오르 동굴 B => 린드 비 오르 동굴 입구 (단계 형)
32621,33118,1017,32754,32923,1017,7,린드 비 오르 동굴 C => 린드 비 오르 동굴 입구 (단계 형)
32813,32118,1017,32754,32923,1017,7,린드 비 오르 동굴 D => 린드 비 오르 동굴 입구 (단계 형)
32754,33050,1017,32721,32873,1017,1,린드 비 오르 동굴 군터 전 A => 린도비오루레아 전
32946,33050,1017,32721,32873,1017,1,린드 비 오르 동굴 군터 전 B => 린도비오루레아 전
32754,33178,1017,32721,32873,1017,1,린드 비 오르 동굴 군터 전 C => 린도비오루레아 전
32946,33178,1017,32721,32873,1017,1,린드 비 오르 동굴 군터 전 D => 린도비오루레아 전
32607,32995,1017,32735,32847,1017,4,린드 비 오르 동굴 A => 린도비오루레아 전
32799,32995,1017,32735,32847,1017,4,린드 비 오르 동굴 B => 린도비오루레아 전
32607,33123,1017,32735,32847,1017,4,린드 비 오르 동굴 C => 린도비오루레아 전
32799,33123,1017,32735,32847,1017,4,린드 비 오르 동굴 D => 린도비오루레아 전
32748,32868,1017,32833,32896,1017,7,린도비오루레아 전 => 린도비오루레아
32716,32912,1018,32749,32879,1018,1,린드 비 오르 동굴 입구 => 린도비오루레아 전
32749,32879,1018,32716,32913,1018,5,린도비오루레아 전 => 린드 비 오르 동굴 입구
32621,32990,1018,32754,32923,1018,7,린드 비 오르 동굴 A => 린드 비 오르 동굴 입구 (단계 형)
32813,32990,1018,32754,32923,1018,7,린드 비 오르 동굴 B => 린드 비 오르 동굴 입구 (단계 형)
32621,33118,1018,32754,32923,1018,7,린드 비 오르 동굴 C => 린드 비 오르 동굴 입구 (단계 형)
32813,32118,1018,32754,32923,1018,7,린드 비 오르 동굴 D => 린드 비 오르 동굴 입구 (단계 형)
32754,33050,1018,32721,32873,1018,1,린드 비 오르 동굴 군터 전 A => 린도비오루레아 전
32946,33050,1018,32721,32873,1018,1,린드 비 오르 동굴 군터 전 B => 린도비오루레아 전
32754,33178,1018,32721,32873,1018,1,린드 비 오르 동굴 군터 전 C => 린도비오루레아 전
32946,33178,1018,32721,32873,1018,1,린드 비 오르 동굴 군터 전 D => 린도비오루레아 전
32607,32995,1018,32735,32847,1018,4,린드 비 오르 동굴 A => 린도비오루레아 전
32799,32995,1018,32735,32847,1018,4,린드 비 오르 동굴 B => 린도비오루레아 전
32607,33123,1018,32735,32847,1018,4,린드 비 오르 동굴 C => 린도비오루레아 전
32799,33123,1018,32735,32847,1018,4,린드 비 오르 동굴 D => 린도비오루레아 전
32748,32869,1018,32833,32896,1018,7,린도비오루레아 전 => 린도비오루레아
32716,32912,1019,32749,32879,1019,1,린드 비 오르 동굴 입구 => 린도비오루레아 전
32749,32879,1019,32716,32913,1019,5,린도비오루레아 전 => 린드 비 오르 동굴 입구
32621,32990,1019,32754,32923,1019,7,린드 비 오르 동굴 A => 린드 비 오르 동굴 입구 (단계 형)
32813,32990,1019,32754,32923,1019,7,린드 비 오르 동굴 B => 린드 비 오르 동굴 입구 (단계 형)
32621,33118,1019,32754,32923,1019,7,린드 비 오르 동굴 C => 린드 비 오르 동굴 입구 (단계 형)
32813,32118,1019,32754,32923,1019,7,린드 비 오르 동굴 D => 린드 비 오르 동굴 입구 (단계 형)
32754,33050,1019,32721,32873,1019,1,린드 비 오르 동굴 군터 전 A => 린도비오루레아 전
32946,33050,1019,32721,32873,1019,1,린드 비 오르 동굴 군터 전 B => 린도비오루레아 전
32754,33178,1019,32721,32873,1019,1,린드 비 오르 동굴 군터 전 C => 린도비오루레아 전
32946,33178,1019,32721,32873,1019,1,린드 비 오르 동굴 군터 전 D => 린도비오루레아 전
32607,32995,1019,32735,32847,1019,4,린드 비 오르 동굴 A => 린도비오루레아 전
32799,32995,1019,32735,32847,1019,4,린드 비 오르 동굴 B => 린도비오루레아 전
32607,33123,1019,32735,32847,1019,4,린드 비 오르 동굴 C => 린도비오루레아 전
32799,33123,1019,32735,32847,1019,4,린드 비 오르 동굴 D => 린도비오루레아 전
32748,32868,1019,32833,32896,1019,7,린도비오루레아 전 => 린도비오루레아
32782,32815,5082,33360,32670,4,0,기란아지토 15 : 지하실 => 1F
32782,32815,5083,33341,32661,4,0,기란아지토 16 : 지하실 => 1F
32782,32815,5084,33346,32675,4,0,기란아지토 17 : 지하실 => 1F
32782,32815,5085,33341,32710,4,0,기란아지토 18 : 지하실 => 1F
32782,32815,5086,33355,32734,4,0,기란아지토 19 : 지하실 => 1F
32782,32815,5087,33366,32714,4,0,기란아지토 20 : 지하실 => 1F
32782,32815,5088,33381,32715,4,0,기란아지토 21 : 지하실 => 1F
32782,32815,5089,33404,32739,4,0,기란아지토 22 : 지하실 => 1F
32782,32815,5090,33424,32718,4,0,기란아지토 23 : 지하실 => 1F
32782,32815,5091,33449,32732,4,0,기란아지토 24 : 지하실 => 1F
32782,32815,5092,33405,32757,4,0,기란아지토 25 : 지하실 => 1F
32782,32815,5093,33366,32761,4,0,기란아지토 26 : 지하실 => 1F
32782,32815,5094,33351,32775,4,0,기란아지토 27 : 지하실 => 1F
32782,32815,5095,33358,32789,4,0,기란아지토 28 : 지하실 => 1F
32782,32815,5096,33372,32792,4,0,기란아지토 29 : 지하실 => 1F
32782,32815,5097,33384,32776,4,0,기란아지토 30 : 지하실 => 1F
32782,32815,5098,33403,32794,4,0,기란아지토 31 : 지하실 => 1F
32782,32815,5099,33485,32794,4,0,기란아지토 32 : 지하실 => 1F
32782,32815,5100,33499,32804,4,0,기란아지토 33 : 지하실 => 1F
32782,32815,5101,33382,32804,4,0,기란아지토 34 : 지하실 => 1F
32782,32815,5102,33376,32828,4,0,기란아지토 35 : 지하실 => 1F
32782,32815,5103,33399,32813,4,0,기란아지토 36 : 지하실 => 1F
32782,32815,5104,33397,32822,4,0,기란아지토 37 : 지하실 => 1F
32782,32815,5105,33437,32844,4,0,기란아지토 38 : 지하실 => 1F
32782,32815,5106,33459,32840,4,0,기란아지토 39 : 지하실 => 1F
32782,32815,5107,33391,32851,4,0,기란아지토 40 : 지하실 => 1F
32782,32815,5108,33399,32860,4,0,기란아지토 41 : 지하실 => 1F
32782,32815,5109,33415,32853,4,0,기란아지토 42 : 지하실 => 1F
32782,32815,5110,33375,32873,4,0,기란아지토 43 : 지하실 => 1F
32782,32815,5111,33428,32871,4,0,기란아지토 44 : 지하실 => 1F
32782,32815,5112,33443,32870,4,0,기란아지토 45 : 지하실 => 1F
32774,32814,5113,33609,33217,4,0,하이네아지토 1 : 지하실 => 1F
32774,32814,5114,33630,33209,4,0,하이네아지토 2 : 지하실 => 1F
32774,32814,5115,33628,33226,4,0,하이네아지토 3 : 지하실 => 1F
32774,32814,5116,33633,33248,4,0,하이네아지토 4 : 지하 => 1F
32774,32814,5117,33619,33265,4,0,하이네아지토 5 : 지하실 => 1F
32774,32814,5118,33575,33233,4,0,하이네아지토 6 : 지하실 => 1F
32774,32814,5119,33584,33306,4,0,하이네아지토 7 : 지하실 => 1F
32774,32814,5120,33581,33338,4,0,하이네아지토 8 : 지하실 => 1F
32774,32814,5121,33620,33381,4,0,하이네아지토 9 : 지하실 => 1F
32774,32814,5122,33625,33398,4,0,하이네아지토 10 : 지하실 => 1F
32774,32814,5123,33625,33445,4,0,하이네아지토 11 : 지하실 => 1F
32628,33167,4,32744,32803,20480,6,윈 폴더 우드 여관 -> 골방
32745,32803,20480,32627,33167,4,6,골방 -> 윈 폴더 우드 여인숙
32745,32807,20992,32627,33167,4,6,홀 -> 윈 폴더 우드 여인숙
33116,33379,4,32744,32803,21504,6,수련 여인숙 -> 골방
32745,32803,21504,33115,33379,4,6,골방 -> 수련 여인숙
32745,32807,22016,33115,33379,4,6,홀 -> 수련 여인숙
33605,33275,4,32744,32803,22528,6,하이네 여관 -> 골방
32745,32803,22528,33604,33276,4,4,골방 -> 하이네 여관
32745,32807,23040,33604,33276,4,4,홀 -> 하이네 여관
33437,32789,4,32744,32803,18432,6,기란 여관 -> 골방
32745,32803,18432,33437,32790,4,4,골방 -> 기란 여관
32745,32807,18944,33437,32790,4,4,홀 -> 기란 여관
34068,32254,4,32744,32803,19456,6,오렌 마을 여관 -> 골방
32745,32803,19456,34067,32254,4,4,골방 -> 오렌 마을 여관
32745,32807,19968,34067,32254,4,4,홀 -> 오렌 마을 여관
32725,32799,270,32808,32826,77,6,영혼의 포식자의 방 -> 상아탑 3F
